Domain_ID,Pkinase,fn3,Ig_3,I-set,BTB,WD40,Ank_2,p450,Trypsin,EGF,TSP_1,SH3_1,PDZ,RRM_1,DEAD,Helicase_C
Pkinase,404,49,12,49,1,1,7,0,0,0,0,0,4,0,0,0
fn3,49,331,130,184,0,0,0,0,0,5,1,1,2,0,0,0
Ig_3,12,130,321,65,0,0,0,0,2,9,16,0,0,0,0,0
I-set,49,184,65,307,0,0,0,0,0,8,12,1,0,0,0,0
BTB,1,0,0,0,265,0,7,0,0,0,0,0,0,4,0,0
WD40,1,0,0,0,0,262,0,0,0,0,0,2,0,0,0,0
Ank_2,7,0,0,0,7,0,202,0,0,3,0,3,4,0,2,2
p450,0,0,0,0,0,0,0,371,0,0,0,0,0,0,0,0
Trypsin,0,0,2,0,0,0,0,0,218,19,4,0,4,1,0,0
EGF,0,5,9,8,0,0,3,0,19,192,0,0,0,0,0,0
TSP_1,0,1,16,12,0,0,0,0,4,0,75,0,0,0,0,0
SH3_1,0,1,0,1,0,2,3,0,0,0,0,81,0,0,0,0
PDZ,4,2,0,0,0,0,4,0,4,0,0,0,160,0,0,0
RRM_1,0,0,0,0,4,0,0,0,1,0,0,0,0,262,1,1
DEAD,0,0,0,0,0,0,2,0,0,0,0,0,0,1,96,89
Helicase_C,0,0,0,0,0,0,2,0,0,0,0,0,0,1,89,145
