Detox_Phase,Enzyme_Family,Transcript_Count,Expressed_Transcripts,Mean_FPKM,Total_FPKM,NPFM1_Sum,NPFM2_Sum,NPFM3_Sum,NPFM4_Sum
Phase I: Functionalization,Aldehyde Dehydrogenases (ALDH),27,0,0.0,0.0,0.0,0.0,0.0,0.0
Phase I: Functionalization,Carboxylesterases (COE),201,17,0.1737626703177638,34.92629673387052,65.65443073154464,30.37389224394531,7.85329490483388,35.823569055158245
Phase I: Functionalization,Cytochrome P450s (CYP450),375,14,0.021501366360022704,8.063012385008514,22.611376731623114,4.3576942737437685,4.239672652703042,1.043305881964132
Phase I: Functionalization,Epoxide Hydrolases (mEH),6,0,0.0,0.0,0.0,0.0,0.0,0.0
Phase II: Conjugation,Glutathione S-Transferases (GST),39,0,0.0,0.0,0.0,0.0,0.0,0.0
Phase II: Conjugation,N-Acetyltransferases (NAT),90,2,0.027221084339767204,2.4498975905790483,3.6988522549690166,0.927041836538689,0.899925378754317,4.273770892054172
Phase II: Conjugation,Sulfotransferases (SULT),90,18,2.804133633686331,252.3720270317698,627.0311135117544,349.95699735188646,8.528647062419253,23.97135020101912
Phase II: Conjugation,UDP-Glucuronosyltransferases (UGT),1,0,0.0,0.0,0.0,0.0,0.0,0.0
Phase III: Efflux & Transport,ABC Transporters (ABCA/B/C/G),105,0,0.0,0.0,0.0,0.0,0.0,0.0
Phase III: Efflux & Transport,MFS Xenobiotic Transporters,385,53,0.1132392317926273,43.597104240161514,34.13825827335646,23.775381803032776,21.61166833585596,94.86310854840087
