Gene ID,protein_id,Preferred_Name,KEGG_KO,KEGG_Pathway,KEGG_Module,KEGG_EC,KEGG_BRITE,sseqid,pident,evalue,bitscore,NPFM1,NPFM2,NPFM3,NPFM4,Protein Description,GO_Terms,eggNOG_OGs,Pfam_Domains,Mean_FPKM,Log2_Mean_FPKM,Immune_Module,Immune_Family,Mechanism,Expressed_in_Transcriptome
"NPIL_110761,",GFT68986.1,,ko:K13963,"ko05146,map05146",,,"ko00001,ko00000",13616.ENSMODP00000006784,64.4,2.34e-07,53.9,0.0,0.0,0.0,0.0,"hypothetical protein NPIL_110761, partial [Nephila pilipes]",,"38VR6@33154,3BBFJ@33208,3CV81@33213,3J7RH@40674,48BC8@7711,492X6@7742,4JZVY@9263,COG4826@1,KOG2392@2759",Serpin,0.0,0.0,Melanization & Coagulation,Serpin Inhibitors,Protease Cascade Control,No
"NPIL_171861,",GFS88385.1,v1g230428,ko:K13963,"ko05146,map05146",,,"ko00001,ko00000",45351.EDO35632,48.9,4.49e-06,53.5,0.0,0.0,0.0,0.0,"hypothetical protein NPIL_171861, partial [Nephila pilipes]",,"38VR6@33154,3BBFJ@33208,COG4826@1,KOG2392@2759",Serpin,0.0,0.0,Melanization & Coagulation,Serpin Inhibitors,Protease Cascade Control,No
NPIL_252861,GFU38576.1,TLR7,ko:K05404,"map05164,map05162,ko05164,map04620,ko05162,ko04620",,,"ko00001,ko00000",8932.XP_005512757.1,26.7,7.78e-09,65.5,0.749439262742787,4.20389076287321,0.375529605508624,0.300406661947261,uncharacterized protein NPIL_252861 [Nephila pilipes],,"38CVU@33154,3B9XR@33208,3D07I@33213,487KK@7711,4910F@7742,4GKCY@8782,COG4886@1,KOG4641@2759","LRR_8,TIR",1.4073165732679707,1.2674258753612893,Toll Signaling Pathway,Toll Receptors (TLR),Transmembrane Signaling,Yes
NPIL_263521,GFS53158.1,GI10132,ko:K13963,"ko05146,map05146",,,"ko00001,ko00000",7230.FBpp0159349,35.9,9.56e-11,64.3,0.0,0.0,0.0,0.0,hypothetical protein NPIL_263521 [Nephila pilipes],,"38VR6@33154,3BBFJ@33208,3CV81@33213,3SG4V@50557,41YNT@6656,458R4@7147,45XR4@7214,COG4826@1,KOG2392@2759",Serpin,0.0,0.0,Melanization & Coagulation,Serpin Inhibitors,Protease Cascade Control,No
"NPIL_283271,",GFT17464.1,,,,,,,9713.XP_006751557.1,58.0,7.69e-08,55.1,0.0,0.0,0.0,0.0,"hypothetical protein NPIL_283271, partial [Nephila pilipes]",,"38VR6@33154,3BBFJ@33208,3CV81@33213,3EEK5@33554,3JBGC@40674,48177@7711,49259@7742,COG4826@1,KOG2392@2759",Serpin,0.0,0.0,Melanization & Coagulation,Serpin Inhibitors,Protease Cascade Control,No
NPIL_372521,GFU18560.1,,ko:K13963,"ko05146,map05146",,,"ko00001,ko00000",32264.tetur02g03240.1,33.7,8.710000000000001e-63,215.0,0.0082802275676589,0.168984192942712,0.373481513274466,0.0152965475033686,hypothetical protein NPIL_372521 [Nephila pilipes],,"38VR6@33154,3BBFJ@33208,3CV81@33213,422U0@6656,COG4826@1,KOG2392@2759",Serpin,0.14151062032205136,0.19094428208971084,Melanization & Coagulation,Serpin Inhibitors,Protease Cascade Control,Yes
"NPIL_477011,",GFT69109.1,HMSD,,,,,,9823.ENSSSCP00000021825,46.8,2.8e-12,66.6,0.0,0.0,0.0,0.0,"hypothetical protein NPIL_477011, partial [Nephila pilipes]",,"38VR6@33154,3BBFJ@33208,3CV81@33213,3JBGC@40674,48177@7711,49259@7742,4J97Z@91561,COG4826@1,KOG2392@2759",Serpin,0.0,0.0,Melanization & Coagulation,Serpin Inhibitors,Protease Cascade Control,No
NPIL_500821,GFS37924.1,,,,,,,13037.EHJ63159,40.3,0.000845,48.5,0.0,0.249986222028603,0.286581602337513,0.0,hypothetical protein NPIL_500821 [Nephila pilipes],,"38F2N@33154,3CPK9@33208,3E5RB@33213,3T06Q@50557,42ATA@6656,449C5@7088,COG4826@1,KOG1217@1,KOG1217@2759,KOG2392@2759","Serpin,TIL",0.134141956091529,0.1816012280506651,Melanization & Coagulation,Serpin Inhibitors,Protease Cascade Control,Yes
NPIL_512501,GFU33145.1,tlr9,ko:K05404,"map05164,map05162,ko05164,map04620,ko05162,ko04620",,,"ko00001,ko00000",8364.ENSXETP00000013094,24.5,1.02e-08,63.9,0.145425059120067,0.17379346258672,0.296298229150559,0.0111938415280738,uncharacterized protein NPIL_512501 [Nephila pilipes],,"39S2D@33154,3BE06@33208,3CW53@33213,48QDN@7711,492NG@7742,COG4886@1,KOG4641@2759","LRR_8,TIR",0.15667764809635495,0.2099868590094239,Toll Signaling Pathway,Toll Receptors (TLR),Transmembrane Signaling,Yes
NPIL_556341,GFT23460.1,TLR8,ko:K10170,"ko04620,map04620",,,"ko00001,ko00000,ko04090",9305.ENSSHAP00000016454,26.4,7.98e-06,56.2,0.0416790960075269,2.02303337699614,2.4948801896782,0.0,uncharacterized protein NPIL_556341 [Nephila pilipes],,"39SQ6@33154,3BK5W@33208,3D0IN@33213,3J807@40674,482E6@7711,497EB@7742,4K1TK@9263,COG4886@1,KOG4641@2759","LRR_5,LRR_8,TIR",1.1398981656704668,1.0975421427115155,Toll Signaling Pathway,Toll Receptors (TLR),Transmembrane Signaling,Yes
NPIL_556361,GFT23464.1,Tlr8,ko:K10170,"ko04620,map04620",,,"ko00001,ko00000,ko04090",1026970.XP_008851118.1,24.8,1.89e-09,67.4,0.0,0.17895451597564,0.506040598598725,0.0,uncharacterized protein NPIL_556361 [Nephila pilipes],,"35NM6@314146,39SQ6@33154,3BK5W@33208,3D0IN@33213,3J807@40674,482E6@7711,497EB@7742,4PU13@9989,COG4886@1,KOG4641@2759","LRR_1,LRR_8,TIR",0.17124877864359123,0.22804754346973188,Toll Signaling Pathway,Toll Receptors (TLR),Transmembrane Signaling,Yes
"NPIL_627171,",GFU57909.1,,,,,,,6500.XP_005102011.1,35.3,6.0199999999999985e-230,746.0,0.0,0.0,0.0,0.0,"hypothetical protein NPIL_627171, partial [Nephila pilipes]",,"KOG4295@1,KOG4295@2759","EGF,Kunitz_BPTI,Tyrosinase",0.0,0.0,Melanization & Coagulation,Prophenoloxidase (ProPO),Melanin Synthesis & Encapsulation,No
,GFS31267.1,LOC511106,ko:K13963,"ko05146,map05146",,,"ko00001,ko00000",9913.ENSBTAP00000056478,41.1,1.21e-74,246.0,0.0,0.0,0.0,0.0,serpin B3 [Nephila pilipes],,"38VR6@33154,3BBFJ@33208,3CV81@33213,3JCVT@40674,482SZ@7711,496G1@7742,4J9MM@91561,COG4826@1,KOG2392@2759",Serpin,0.0,0.0,Melanization & Coagulation,Serpin Inhibitors,Protease Cascade Control,No
,GFS32467.1,PGLYRP3,ko:K01446,,,,ko00000,8479.XP_005314113.1,54.2,8.14e-65,211.0,0.0,0.0,0.0,0.0,peptidoglycan recognition protein 1 [Nephila pilipes],,"2S2KY@2759,39YQ1@33154,3BJ8H@33208,3D3BY@33213,4810M@7711,48UXD@7742,4CHZS@8459,COG5479@1",Amidase_2,0.0,0.0,Pathogen Recognition,PGRP Family,Bacterial Peptidoglycan Sensing,No
,GFS36907.1,,,,,,,7739.XP_002593664.1,49.5,1.06e-73,233.0,0.0,0.0,0.0,0.0,techylectin-5A [Nephila pilipes],,"38D9J@33154,3BAVE@33208,3CSRR@33213,47ZAC@7711,KOG2579@1,KOG2579@2759",Fibrinogen_C,0.0,0.0,Pathogen Recognition,C-type Lectins (CTL),Carbohydrate Pattern Recognition,No
,GFS42662.1,SCARB1,ko:K13885,"map04979,ko04975,map05160,ko04977,ko04976,ko04913,ko04145,map04976,map04977,ko04979,map04975,ko04934,map04925,ko04927,map04927,ko04925,map04145,map04913,map04934,ko05160",,,"ko04131,ko04147,ko00001,ko00000",9913.ENSBTAP00000018959,32.8,4.67e-71,244.0,0.0,0.0,0.0,0.0,scavenger receptor class B member 1 [Nephila pilipes],"P|GO:0001667|IEA,P|GO:0001935|IEA,P|GO:0002218|IEA,P|GO:0002221|IEA,P|GO:0002237|IEA,P|GO:0002253|IEA,P|GO:0002376|IEA,P|GO:0002682|IEA,P|GO:0002684|IEA,P|GO:0002757|IEA,P|GO:0002758|IEA,P|GO:0002764|IEA,P|GO:0003008|IEA,P|GO:0006066|IEA,P|GO:0006629|IEA,P|GO:0006706|IEA,P|GO:0006707|IEA,P|GO:0006810|IEA,P|GO:0006811|IEA,P|GO:0006820|IEA,P|GO:0006869|IEA,P|GO:0006897|IEA,P|GO:0006898|IEA,P|GO:0006909|IEA,P|GO:0006910|IEA,P|GO:0006928|IEA,P|GO:0007154|IEA,P|GO:0007165|IEA,P|GO:0007166|IEA,P|GO:0007586|IEA,P|GO:0008037|IEA,P|GO:0008150|IEA,P|GO:0008152|IEA,P|GO:0008202|IEA,P|GO:0008203|IEA,P|GO:0008283|IEA,P|GO:0009056|IEA,P|GO:0009593|IEA,P|GO:0009595|IEA,P|GO:0009605|IEA,P|GO:0009607|IEA,P|GO:0009617|IEA,P|GO:0009889|IEA,P|GO:0009891|IEA,P|GO:0009893|IEA,P|GO:0009894|IEA,P|GO:0009987|IEA,P|GO:0010033|IEA,P|GO:0010631|IEA,P|GO:0010866|IEA,P|GO:0010867|IEA,P|GO:0010876|IEA,P|GO:0010883|IEA,P|GO:0010884|IEA,P|GO:0010885|IEA,P|GO:0010886|IEA,P|GO:0010899|IEA,P|GO:0015711|IEA,P|GO:0015748|IEA,P|GO:0015850|IEA,P|GO:0015914|IEA,P|GO:0015918|IEA,P|GO:0015920|IEA,P|GO:0016042|IEA,P|GO:0016043|IEA,P|GO:0016125|IEA,P|GO:0016127|IEA,P|GO:0016192|IEA,P|GO:0016477|IEA,P|GO:0019216|IEA,P|GO:0019220|IEA,P|GO:0019222|IEA,P|GO:0022600|IEA,P|GO:0022610|IEA,P|GO:0023052|IEA,P|GO:0030301|IEA,P|GO:0031323|IEA,P|GO:0031325|IEA,P|GO:0031326|IEA,P|GO:0031328|IEA,P|GO:0031329|IEA,P|GO:0031347|IEA,P|GO:0031349|IEA,P|GO:0031663|IEA,P|GO:0032490|IEA,P|GO:0032496|IEA,P|GO:0032497|IEA,P|GO:0032501|IEA,P|GO:0032768|IEA,P|GO:0032770|IEA,P|GO:0032879|IEA,P|GO:0033036|IEA,P|GO:0033344|IEA,P|GO:0033993|IEA,P|GO:0034367|IEA,P|GO:0034368|IEA,P|GO:0034369|IEA,P|GO:0034375|IEA,P|GO:0034381|IEA,P|GO:0034383|IEA,P|GO:0034384|IEA,P|GO:0035376|IEA,P|GO:0035461|IEA,P|GO:0040011|IEA,P|GO:0042221|IEA,P|GO:0042592|IEA,P|GO:0042632|IEA,P|GO:0043062|IEA,P|GO:0043085|IEA,P|GO:0043207|IEA,P|GO:0043277|IEA,P|GO:0043534|IEA,P|GO:0043542|IEA,P|GO:0043654|IEA,P|GO:0043691|IEA,P|GO:0043933|IEA,P|GO:0044093|IEA,P|GO:0044238|IEA,P|GO:0044281|IEA,P|GO:0044282|IEA,P|GO:0044403|IEA,P|GO:0044406|IEA,P|GO:0044419|IEA,P|GO:0045088|IEA,P|GO:0045089|IEA,P|GO:0045834|IEA,P|GO:0046164|IEA,P|GO:0046889|IEA,P|GO:0046890|IEA,P|GO:0048518|IEA,P|GO:0048522|IEA,P|GO:0048583|IEA,P|GO:0048584|IEA,P|GO:0048870|IEA,P|GO:0048878|IEA,P|GO:0050673|IEA,P|GO:0050776|IEA,P|GO:0050778|IEA,P|GO:0050789|IEA,P|GO:0050790|IEA,P|GO:0050794|IEA,P|GO:0050892|IEA,P|GO:0050896|IEA,P|GO:0050994|IEA,P|GO:0050999|IEA,P|GO:0051000|IEA,P|GO:0051171|IEA,P|GO:0051174|IEA,P|GO:0051179|IEA,P|GO:0051180|IEA,P|GO:0051234|IEA,P|GO:0051341|IEA,P|GO:0051353|IEA,P|GO:0051606|IEA,P|GO:0051674|IEA,P|GO:0051704|IEA,P|GO:0051707|IEA,P|GO:0051716|IEA,P|GO:0055085|IEA,P|GO:0055088|IEA,P|GO:0055090|IEA,P|GO:0055092|IEA,P|GO:0060696|IEA,P|GO:0065007|IEA,P|GO:0065008|IEA,P|GO:0065009|IEA,P|GO:0070328|IEA,P|GO:0070508|IEA,P|GO:0070887|IEA,P|GO:0071216|IEA,P|GO:0071219|IEA,P|GO:0071222|IEA,P|GO:0071310|IEA,P|GO:0071396|IEA,P|GO:0071702|IEA,P|GO:0071704|IEA,P|GO:0071825|IEA,P|GO:0071827|IEA,P|GO:0071840|IEA,P|GO:0080090|IEA,P|GO:0080134|IEA,P|GO:0090130|IEA,P|GO:0090132|IEA,P|GO:0090207|IEA,P|GO:0090208|IEA,P|GO:0097006|IEA,P|GO:0098581|IEA,P|GO:0098657|IEA,P|GO:1901264|IEA,P|GO:1901360|IEA,P|GO:1901361|IEA,P|GO:1901575|IEA,P|GO:1901615|IEA,P|GO:1901616|IEA,P|GO:1901700|IEA,P|GO:1901701|IEA,P|GO:1902652|IEA,P|GO:1903725|IEA,P|GO:1905952|IEA,P|GO:1905954|IEA,C|GO:0005575|IEA,C|GO:0005575|IEA,C|GO:0005622|IEA,C|GO:0005623|IEA,C|GO:0005623|IEA,C|GO:0005737|IEA,C|GO:0005886|IEA,C|GO:0005886|IEA,C|GO:0005887|IEA,C|GO:0005901|IEA,C|GO:0009986|IEA,C|GO:0016020|IEA,C|GO:0016020|IEA,C|GO:0016021|IEA,C|GO:0031224|IEA,C|GO:0031226|IEA,C|GO:0043226|IEA,C|GO:0043227|IEA,C|GO:0043229|IEA,C|GO:0043231|IEA,C|GO:0044424|IEA,C|GO:0044425|IEA,C|GO:0044425|IEA,C|GO:0044459|IEA,C|GO:0044459|IEA,C|GO:0044464|IEA,C|GO:0044464|IEA,C|GO:0044853|IEA,C|GO:0045121|IEA,C|GO:0071944|IEA,C|GO:0071944|IEA,C|GO:0098589|IEA,C|GO:0098590|IEA,C|GO:0098805|IEA,C|GO:0098857|IEA,F|GO:0001530|IEA,F|GO:0001540|IEA,F|GO:0001875|IEA,F|GO:0003674|IEA,F|GO:0005488|IEA,F|GO:0005515|IEA,F|GO:0008035|IEA,F|GO:0008289|IEA,F|GO:0008329|IEA,F|GO:0030169|IEA,F|GO:0030228|IEA,F|GO:0033218|IEA,F|GO:0034185|IEA,F|GO:0034186|IEA,F|GO:0038023|IEA,F|GO:0038024|IEA,F|GO:0038187|IEA,F|GO:0042277|IEA,F|GO:0044877|IEA,F|GO:0060089|IEA,F|GO:0070506|IEA,F|GO:0071813|IEA,F|GO:0071814|IEA,F|GO:0097367|IEA","38CP8@33154,3BAAR@33208,3CTH3@33213,3J8Y3@40674,47ZZM@7711,494FK@7742,4IW9S@91561,KOG3776@1,KOG3776@2759",CD36,0.0,0.0,Pathogen Recognition,Scavenger Receptors,Cellular Clearance & Uptake,No
,GFS42665.1,107364934,ko:K13885,"map04979,ko04975,map05160,ko04977,ko04976,ko04913,ko04145,map04976,map04977,ko04979,map04975,ko04934,map04925,ko04927,map04927,ko04925,map04145,map04913,map04934,ko05160",,,"ko04131,ko04147,ko00001,ko00000",32264.tetur13g00340.1,33.8,2.11e-84,281.0,0.0,0.0,0.0,0.0,scavenger receptor class B member 1 [Nephila pilipes],,"38CP8@33154,3BAAR@33208,3E49J@33213,42AAT@6656,KOG3776@1,KOG3776@2759",CD36,0.0,0.0,Pathogen Recognition,Scavenger Receptors,Cellular Clearance & Uptake,No
,GFS49389.1,LGALS4,,,,,,482537.XP_008572161.1,29.0,1.8e-20,99.4,0.0,0.0,0.0,0.0,galectin [Nephila pilipes],,"35C90@314146,38F0D@33154,3BEA4@33208,3CV1B@33213,3J40Y@40674,4820R@7711,498P1@7742,KOG3587@1,KOG3587@2759",Gal-bind_lectin,0.0,0.0,Pathogen Recognition,C-type Lectins (CTL),Carbohydrate Pattern Recognition,No
,GFS53736.1,,ko:K10093,,,,"ko00000,ko04091",8010.XP_010899850.1,55.2,3.17e-14,71.6,0.0,0.0,0.0,0.0,"galectin, partial [Nephila pilipes]",,"39NQN@33154,3BFNV@33208,3D1P8@33213,489U2@7711,490HN@7742,4A0XZ@7898,KOG3587@1,KOG3587@2759",Gal-bind_lectin,0.0,0.0,Pathogen Recognition,C-type Lectins (CTL),Carbohydrate Pattern Recognition,No
,GFS54675.1,,,,,,,126957.SMAR007396-PA,54.6,6.980000000000001e-88,269.0,0.0,0.0,0.0,0.0,monocyte to macrophage differentiation factor 2 [Nephila pilipes],,"39MY5@33154,3BCV5@33208,3D126@33213,41UHK@6656,COG1272@1,KOG4243@2759",HlyIII,0.0,0.0,Toll Signaling Pathway,Toll Intracellular Cascade,MyD88 / Cactus / Dorsal,No
,GFS55135.1,,,,,,,7739.XP_002593664.1,46.3,2.76e-70,222.0,0.0,0.0,0.0,0.0,techylectin-5A [Nephila pilipes],,"38D9J@33154,3BAVE@33208,3CSRR@33213,47ZAC@7711,KOG2579@1,KOG2579@2759",Fibrinogen_C,0.0,0.0,Pathogen Recognition,C-type Lectins (CTL),Carbohydrate Pattern Recognition,No
,GFS58717.1,LYZ,ko:K13915,"ko04970,map04970",,3.2.1.17,"ko01000,ko04147,ko00001,ko00000",60711.ENSCSAP00000000581,35.5,9.18e-21,89.7,0.0,0.0,0.0,0.0,lysozyme C [Nephila pilipes],,"2BPI7@1,2S1S1@2759,35PX7@314146,366S6@314294,3A43M@33154,3BQE4@33208,3D6GP@33213,3JGK3@40674,48E3Q@7711,49AXJ@7742,4MJE8@9443",Lys,0.0,0.0,Antimicrobial Effectors,Lysozymes,Bacterial Cell Wall Lysis,No
,GFS58724.1,101900738,ko:K13915,"ko04970,map04970",,3.2.1.17,"ko01000,ko04147,ko00001,ko00000",7370.XP_005185448.1,43.1,5.81e-27,105.0,0.0,0.0,0.0,0.0,lysozyme 1B [Nephila pilipes],,"2BPI7@1,2RZU4@2759,3A1V2@33154,3BQ8H@33208,3D8FA@33213,3T0EZ@50557,4231Z@6656,458TG@7147",Lys,0.0,0.0,Antimicrobial Effectors,Lysozymes,Bacterial Cell Wall Lysis,No
,GFS58726.1,101900738,ko:K13915,"ko04970,map04970",,3.2.1.17,"ko01000,ko04147,ko00001,ko00000",7370.XP_005185448.1,43.1,5.81e-27,105.0,0.0,0.0,0.0,0.0,lysozyme 1B [Nephila pilipes],,"2BPI7@1,2RZU4@2759,3A1V2@33154,3BQ8H@33208,3D8FA@33213,3T0EZ@50557,4231Z@6656,458TG@7147",Lys,0.0,0.0,Antimicrobial Effectors,Lysozymes,Bacterial Cell Wall Lysis,No
,GFS58728.1,101892140,ko:K13915,"ko04970,map04970",,3.2.1.17,"ko01000,ko04147,ko00001,ko00000",7370.XP_005178489.1,36.6,1.38e-09,58.2,0.0,0.0,0.0,0.0,lysozyme C-1 [Nephila pilipes],,"2BPI7@1,2RZU4@2759,3A1V2@33154,3BQ8H@33208,3D8FA@33213,3T0EZ@50557,4231Z@6656,458TG@7147",Lys,0.0,0.0,Antimicrobial Effectors,Lysozymes,Bacterial Cell Wall Lysis,No
,GFS58730.1,,,,,,,7213.XP_004522948.1,49.4,6.129999999999999e-23,94.7,0.0,0.0,0.0,0.0,lysozyme [Nephila pilipes],,"2BPI7@1,2S1S1@2759,3A43M@33154,3BRD4@33208,3D9T5@33213,3SRUX@50557,42AWS@6656,453HC@7147",Lys,0.0,0.0,Antimicrobial Effectors,Lysozymes,Bacterial Cell Wall Lysis,No
,GFS58751.1,TLR7,,,,,,52644.XP_010579867.1,29.3,8.18e-08,62.8,0.0,0.0,0.0,0.0,g-protein coupled receptor GRL101 [Nephila pilipes],,"38CVU@33154,3B9XR@33208,3D07I@33213,487KK@7711,4910F@7742,4GKCY@8782,COG4886@1,KOG4641@2759","LRR_1,LRR_8,TIR",0.0,0.0,Toll Signaling Pathway,Toll Receptors (TLR),Transmembrane Signaling,No
,GFS65470.1,,ko:K13963,"ko05146,map05146",,,"ko00001,ko00000",10224.XP_002732469.1,27.1,6e-29,124.0,0.0,0.0,0.0,0.0,serpin B10 [Nephila pilipes],,"38VR6@33154,3BBFJ@33208,3CV81@33213,COG4826@1,KOG2392@2759",Serpin,0.0,0.0,Melanization & Coagulation,Serpin Inhibitors,Protease Cascade Control,No
,GFS65685.1,SERPINB8,ko:K13965,,,,ko00000,61853.ENSNLEP00000010966,50.0,1.12e-19,89.4,0.0,0.0,0.0,0.0,"serpin B8, partial [Nephila pilipes]",,"35MYP@314146,39YXT@33154,3BN1U@33208,3CZYU@33213,3J8G9@40674,487CU@7711,498W1@7742,4MIN2@9443,COG4826@1,KOG2392@2759",Serpin,0.0,0.0,Melanization & Coagulation,Serpin Inhibitors,Protease Cascade Control,No
,GFS66335.1,Tlet_1830,ko:K13963,"ko05146,map05146",,,"ko00001,ko00000",416591.Tlet_1830,35.1,2.58e-62,213.0,0.0,0.0,0.0,0.0,serpin B10 [Nephila pilipes],,"2GDUM@200918,COG4826@1,COG4826@2",Serpin,0.0,0.0,Melanization & Coagulation,Serpin Inhibitors,Protease Cascade Control,No
,GFS66358.1,,,,,,,29078.XP_008158810.1,39.4,2.8299999999999998e-67,223.0,0.0,0.0,0.0,0.0,serpin B8 [Nephila pilipes],,"39YXT@33154,3BN1U@33208,3CZYU@33213,3J8G9@40674,487CU@7711,498W1@7742,4KSCP@9397,COG4826@1,KOG2392@2759",Serpin,0.0,0.0,Melanization & Coagulation,Serpin Inhibitors,Protease Cascade Control,No
,GFS67382.1,,,,,,,126957.SMAR011148-PA,30.6,7.720000000000001e-129,416.0,0.0,0.0,0.0,0.0,dorsal-ventral patterning protein Sog [Nephila pilipes],,"28IT9@1,2QR4J@2759,38RI0@33154,3B9FB@33208,3CUGD@33213,41V44@6656","CHRD,VWC",0.0,0.0,Toll Signaling Pathway,Toll Intracellular Cascade,MyD88 / Cactus / Dorsal,No
,GFS68137.1,U27_05483,,,,,,1499967.BAYZ01000097_gene4350,40.3,1.05e-69,231.0,0.0,0.0,0.0,0.0,serpin B10 [Nephila pilipes],,"2NQVB@2323,COG4826@1,COG4826@2",Serpin,0.0,0.0,Melanization & Coagulation,Serpin Inhibitors,Protease Cascade Control,No
,GFS68139.1,U27_05483,,,,,,1499967.BAYZ01000097_gene4350,39.8,1.47e-71,236.0,0.0,0.0,0.0,0.0,serpin B10 [Nephila pilipes],,"2NQVB@2323,COG4826@1,COG4826@2",Serpin,0.0,0.0,Melanization & Coagulation,Serpin Inhibitors,Protease Cascade Control,No
,GFS68240.1,L798_07978,,,,,,136037.KDR17525,47.9,2.86e-38,143.0,0.0,0.0,0.0,0.0,"galectin-4, partial [Nephila pilipes]",,"3A3XD@33154,3BRYP@33208,3D88V@33213,3SN54@50557,41ZWE@6656,KOG3587@1,KOG3587@2759",Gal-bind_lectin,0.0,0.0,Pathogen Recognition,C-type Lectins (CTL),Carbohydrate Pattern Recognition,No
,GFS70482.1,,,,,,,7668.SPU_004342-tr,46.0,3.35e-54,183.0,0.0,0.0,0.0,0.0,techylectin-5A [Nephila pilipes],,"38D9J@33154,3BAVE@33208,3CSRR@33213,KOG2579@1,KOG2579@2759",Fibrinogen_C,0.0,0.0,Pathogen Recognition,C-type Lectins (CTL),Carbohydrate Pattern Recognition,No
,GFS70484.1,LOC755215,,,,,,7668.SPU_017963-tr,47.0,8.599999999999999e-55,190.0,0.0,0.0,0.0,0.0,techylectin-5A [Nephila pilipes],,"38D9J@33154,3BAVE@33208,3CSRR@33213,KOG2579@1,KOG2579@2759",Fibrinogen_C,0.0,0.0,Pathogen Recognition,C-type Lectins (CTL),Carbohydrate Pattern Recognition,No
,GFS71620.1,,,,,,,400682.PAC_15726120,82.6,2.8499999999999997e-46,150.0,0.0,0.0,0.0,0.0,ubiquitin-fold modifier 1 [Nephila pilipes],,"3A62T@33154,3BSQK@33208,KOG3483@1,KOG3483@2759",Ufm1,0.0,0.0,Toll Signaling Pathway,Toll Intracellular Cascade,MyD88 / Cactus / Dorsal,No
,GFS72858.1,,,,,,,48698.ENSPFOP00000012435,39.7,3.23e-73,239.0,0.0,0.0,0.0,0.0,serpin B6 [Nephila pilipes],,"38VR6@33154,3BBFJ@33208,3CV81@33213,48177@7711,49259@7742,49W0I@7898,COG4826@1,KOG2392@2759",Serpin,0.0,0.0,Melanization & Coagulation,Serpin Inhibitors,Protease Cascade Control,No
,GFS72860.1,U27_05483,,,,,,1499967.BAYZ01000097_gene4350,40.2,3.3200000000000004e-70,233.0,0.0,0.0,0.0,0.0,serpin B10 [Nephila pilipes],,"2NQVB@2323,COG4826@1,COG4826@2",Serpin,0.0,0.0,Melanization & Coagulation,Serpin Inhibitors,Protease Cascade Control,No
,GFS72862.1,U27_05483,,,,,,1499967.BAYZ01000097_gene4350,41.4,2.6100000000000003e-73,241.0,0.0,0.0,0.0,0.0,serpin B10 [Nephila pilipes],,"2NQVB@2323,COG4826@1,COG4826@2",Serpin,0.0,0.0,Melanization & Coagulation,Serpin Inhibitors,Protease Cascade Control,No
,GFS73176.1,,,,,,,126957.SMAR012852-PA,53.7,1.6000000000000002e-44,153.0,0.0,0.0,0.0,0.0,"techylectin-5A, partial [Nephila pilipes]",,"38D9J@33154,3BAVE@33208,3CSRR@33213,422G4@6656,KOG2579@1,KOG2579@2759",Fibrinogen_C,0.0,0.0,Pathogen Recognition,C-type Lectins (CTL),Carbohydrate Pattern Recognition,No
,GFS77878.1,,,,,,,7739.XP_002604306.1,56.5,5.97e-08,58.9,0.0,0.0,0.0,0.0,"techylectin-5A, partial [Nephila pilipes]",,"38D9J@33154,3BAVE@33208,3CSRR@33213,47ZAC@7711,KOG2579@1,KOG2579@2759,KOG3592@1,KOG3592@2759",Fibrinogen_C,0.0,0.0,Pathogen Recognition,C-type Lectins (CTL),Carbohydrate Pattern Recognition,No
,GFS78383.1,,,,,,,27923.ML005334a-PA,73.9,6.11e-05,44.3,0.0,0.0,0.0,0.0,"uncharacterized serpin-like protein TK1782, partial [Nephila pilipes]",,"38BQD@33154,3BGRB@33208,COG4826@1,KOG2392@2759",Serpin,0.0,0.0,Melanization & Coagulation,Serpin Inhibitors,Protease Cascade Control,No
,GFS78384.1,Tlet_1830,ko:K13963,"ko05146,map05146",,,"ko00001,ko00000",416591.Tlet_1830,35.0,5.06e-44,160.0,0.0,0.0,0.0,0.0,"uncharacterized serpin-like protein TK1782, partial [Nephila pilipes]",,"2GDUM@200918,COG4826@1,COG4826@2",Serpin,0.0,0.0,Melanization & Coagulation,Serpin Inhibitors,Protease Cascade Control,No
,GFS78610.1,,,,,,,7739.XP_002593666.1,52.2,1.35e-76,242.0,0.0,0.0,0.0,0.0,techylectin-5A [Nephila pilipes],,"38D9J@33154,3BAVE@33208,3CSRR@33213,47ZAC@7711,KOG2579@1,KOG2579@2759",Fibrinogen_C,0.0,0.0,Pathogen Recognition,C-type Lectins (CTL),Carbohydrate Pattern Recognition,No
,GFS78613.1,,,,,,,7739.XP_002604306.1,54.3,4.39e-43,156.0,0.0,0.0,0.0,0.0,"techylectin-5A, partial [Nephila pilipes]",,"38D9J@33154,3BAVE@33208,3CSRR@33213,47ZAC@7711,KOG2579@1,KOG2579@2759,KOG3592@1,KOG3592@2759",Fibrinogen_C,0.0,0.0,Pathogen Recognition,C-type Lectins (CTL),Carbohydrate Pattern Recognition,No
,GFS78841.1,,,,,,,126957.SMAR010871-PA,45.2,3.11e-40,147.0,0.0,0.0,0.0,0.0,SUEL-type lectin domain-containing protein [Nephila pilipes],,"39TP9@33154,3BH0E@33208,3D2SS@33213,41VNU@6656,KOG4729@1,KOG4729@2759",Gal_Lectin,0.0,0.0,Pathogen Recognition,C-type Lectins (CTL),Carbohydrate Pattern Recognition,No
,GFS78852.1,AND_007829,,,,,,43151.ADAC007829-PA,57.8,6.9e-19,87.8,0.0,0.0,0.0,0.0,putative galactoside-binding lectin [Nephila pilipes],,"39TP9@33154,3BH0E@33208,3D2SS@33213,3SJY1@50557,41VNU@6656,44YGP@7147,45F6V@7148,KOG4729@1,KOG4729@2759",Gal_Lectin,0.0,0.0,Pathogen Recognition,C-type Lectins (CTL),Carbohydrate Pattern Recognition,No
,GFS82346.1,,,,,,,126957.SMAR003045-PA,48.9,9.11e-27,112.0,0.0,0.0,0.0,0.0,"serpin I2, partial [Nephila pilipes]",,"38VR6@33154,3BBFJ@33208,3CV81@33213,41YNT@6656,COG4826@1,KOG2392@2759",Serpin,0.0,0.0,Melanization & Coagulation,Serpin Inhibitors,Protease Cascade Control,No
,GFS82996.1,,,,,,,9478.XP_008058842.1,61.9,7.29e-41,137.0,0.0,0.0,0.0,0.0,ubiquitin-related modifier 1 [Nephila pilipes],,"35Q2X@314146,3A8YT@33154,3BRH6@33208,3D863@33213,3JHDM@40674,48F71@7711,49C39@7742,4MJTA@9443,COG5131@1,KOG4146@2759",Urm1,0.0,0.0,Toll Signaling Pathway,Toll Intracellular Cascade,MyD88 / Cactus / Dorsal,No
,GFS84493.1,SERPINB8,ko:K13965,,,,ko00000,61853.ENSNLEP00000010966,40.9,9.42e-20,89.7,0.0,0.0,0.0,0.0,"serpin B8, partial [Nephila pilipes]",,"35MYP@314146,39YXT@33154,3BN1U@33208,3CZYU@33213,3J8G9@40674,487CU@7711,498W1@7742,4MIN2@9443,COG4826@1,KOG2392@2759",Serpin,0.0,0.0,Melanization & Coagulation,Serpin Inhibitors,Protease Cascade Control,No
,GFS84916.1,107372289,,,,,,32264.tetur03g05900.1,50.8,1.56e-41,157.0,0.0,0.0,0.0,0.0,lysozyme [Nephila pilipes],,"2DQ45@1,2S6AV@2759,3A73U@33154,3BSSY@33208,3DA6X@33213,420PI@6656",Destabilase,0.0,0.0,Antimicrobial Effectors,Lysozymes,Bacterial Cell Wall Lysis,No
,GFS88922.1,tnn,ko:K06252,"map05206,map05165,map04510,map04512,ko04151,ko05165,ko04512,ko04510,ko05206,map04151",,,"ko04516,ko00536,ko00001,ko00000",7994.ENSAMXP00000002182,58.0,1.3e-10,65.1,0.0,0.0,0.0,0.0,techylectin-5A [Nephila pilipes],,"39REY@33154,3BF4W@33208,3CXDP@33213,480CC@7711,48WBW@7742,49TI7@7898,KOG1225@1,KOG1225@2759,KOG2579@1,KOG2579@2759","Fibrinogen_C,fn3",0.0,0.0,Pathogen Recognition,C-type Lectins (CTL),Carbohydrate Pattern Recognition,No
,GFS89328.1,Dtur_1669,ko:K13963,"ko05146,map05146",,,"ko00001,ko00000",515635.Dtur_1669,37.8,6.719999999999998e-69,229.0,0.0,0.0,0.0,0.0,"uncharacterized serpin-like protein TK1782, partial [Nephila pilipes]",,"COG4826@1,COG4826@2",Serpin,0.0,0.0,Melanization & Coagulation,Serpin Inhibitors,Protease Cascade Control,No
,GFS89330.1,,,,,,,10042.XP_006997968.1,48.2,3.47e-24,102.0,0.0,0.0,0.0,0.0,serpin B6 [Nephila pilipes],,"35EU2@314146,38VR6@33154,3BBFJ@33208,3CV81@33213,3JBGC@40674,48177@7711,49259@7742,4PZDH@9989,COG4826@1,KOG2392@2759",Serpin,0.0,0.0,Melanization & Coagulation,Serpin Inhibitors,Protease Cascade Control,No
,GFS92305.1,,,,,,,126957.SMAR014465-PA,55.0,1.9600000000000003e-157,461.0,0.0,0.0,0.0,0.0,differentially expressed in FDCP 8 homolog [Nephila pilipes],,"38CBC@33154,3BHJD@33208,3CUCM@33213,41Y8C@6656,KOG1829@1,KOG1829@2759",zf-RING_9,0.0,0.0,Toll Signaling Pathway,Toll Intracellular Cascade,MyD88 / Cactus / Dorsal,No
,GFS94615.1,,,,,,,126957.SMAR013388-PA,38.4,4.91e-77,249.0,0.0,0.0,0.0,0.0,leukocyte elastase inhibitor [Nephila pilipes],,"38VR6@33154,3BBFJ@33208,3CV81@33213,41V6N@6656,COG4826@1,KOG2392@2759",Serpin,0.0,0.0,Melanization & Coagulation,Serpin Inhibitors,Protease Cascade Control,No
,GFS95574.1,LOC755215,,,,,,7668.SPU_017963-tr,49.1,5.55e-64,210.0,0.0,0.0,0.0,0.0,techylectin-5A [Nephila pilipes],,"38D9J@33154,3BAVE@33208,3CSRR@33213,KOG2579@1,KOG2579@2759",Fibrinogen_C,0.0,0.0,Pathogen Recognition,C-type Lectins (CTL),Carbohydrate Pattern Recognition,No
,GFS96295.1,,ko:K13915,"ko04970,map04970",,3.2.1.17,"ko01000,ko04147,ko00001,ko00000",225400.XP_006755628.1,39.6,1.71e-20,91.7,0.0,0.0,0.0,0.0,lysozyme C-1 [Nephila pilipes],,"2BPI7@1,2S1S1@2759,3A43M@33154,3BRD4@33208,3D9T5@33213,3JJEY@40674,48FGF@7711,49CMG@7742,4M1E7@9397",Lys,0.0,0.0,Antimicrobial Effectors,Lysozymes,Bacterial Cell Wall Lysis,No
,GFS96317.1,,,,,,,126957.SMAR002416-PA,67.8,1.96e-180,514.0,0.0,0.0,0.0,0.0,ubiquitin-like modifier-activating enzyme 5 [Nephila pilipes],,"38GD7@33154,3BFW8@33208,3D0R7@33213,41TEQ@6656,COG0476@1,KOG2336@2759",ThiF,0.0,0.0,Toll Signaling Pathway,Toll Intracellular Cascade,MyD88 / Cactus / Dorsal,No
,GFS96895.1,,,,,,,126957.SMAR007089-PA,42.3,1.24e-89,291.0,0.0,0.0,0.0,0.0,techylectin-5B [Nephila pilipes],,"3A0QM@33154,3BPZZ@33208,3D6JA@33213,41YYN@6656,KOG2579@1,KOG2579@2759",Fibrinogen_C,0.0,0.0,Pathogen Recognition,C-type Lectins (CTL),Carbohydrate Pattern Recognition,No
,GFS97690.1,EH28_10318,,,,,,215358.XP_010748700.1,44.4,1.36e-07,55.1,0.0,0.0,0.0,0.0,p-selectin [Nephila pilipes],,"38BKH@33154,3BBIZ@33208,3CRHY@33213,4822F@7711,49303@7742,49UPC@7898,KOG4291@1,KOG4291@2759","AMOP,Somatomedin_B,Sushi,VWD",0.0,0.0,Pathogen Recognition,C-type Lectins (CTL),Carbohydrate Pattern Recognition,No
,GFS98136.1,KGM_203198,,,,,,13037.EHJ65350,43.1,7.71e-195,608.0,0.0,0.0,0.0,0.0,toll-like receptor Tollo [Nephila pilipes],,"38EYJ@33154,3BIA8@33208,3D0YP@33213,3SKPA@50557,41U4Z@6656,448AA@7088,COG4886@1,KOG4641@2759","LRR_8,TIR",0.0,0.0,Toll Signaling Pathway,Toll Receptors (TLR),Transmembrane Signaling,No
,GFT00170.1,trmt13,ko:K15446,,,2.1.1.225,"ko01000,ko03016,ko00000",244447.XP_008335479.1,37.0,2.7599999999999998e-92,296.0,0.0,0.0,0.0,0.0,tRNA:m(4)X modification enzyme TRM13 homolog [Nephila pilipes],,"38J7P@33154,3BAQX@33208,3CTKW@33213,483HC@7711,48X9S@7742,49YIJ@7898,KOG2811@1,KOG2811@2759","TRM13,zf-TRM13_CCCH,zf-U11-48K",0.0,0.0,Toll Signaling Pathway,Toll Intracellular Cascade,MyD88 / Cactus / Dorsal,No
,GFT00172.1,,ko:K15446,,,2.1.1.225,"ko01000,ko03016,ko00000",6669.EFX86024,45.0,1.2500000000000001e-21,100.0,0.0,0.0,0.0,0.0,tRNA:m(4)X modification enzyme TRM13 homolog [Nephila pilipes],,"38J7P@33154,3BAQX@33208,3CTKW@33213,41YB5@6656,KOG2811@1,KOG2811@2759","TRM13,zf-TRM13_CCCH,zf-U11-48K",0.0,0.0,Toll Signaling Pathway,Toll Intracellular Cascade,MyD88 / Cactus / Dorsal,No
,GFT00174.1,trmt13,ko:K15446,,,2.1.1.225,"ko01000,ko03016,ko00000",244447.XP_008335479.1,37.6,5.73e-66,221.0,0.0,0.0,0.0,0.0,tRNA:m(4)X modification enzyme TRM13 homolog [Nephila pilipes],,"38J7P@33154,3BAQX@33208,3CTKW@33213,483HC@7711,48X9S@7742,49YIJ@7898,KOG2811@1,KOG2811@2759","TRM13,zf-TRM13_CCCH,zf-U11-48K",0.0,0.0,Toll Signaling Pathway,Toll Intracellular Cascade,MyD88 / Cactus / Dorsal,No
,GFT03474.1,,,,,,,1219084.AP014508_gene135,38.0,1.24e-23,101.0,0.0,0.0,0.0,0.0,"serpin B8, partial [Nephila pilipes]",,"2GDUM@200918,COG4826@1,COG4826@2",Serpin,0.0,0.0,Melanization & Coagulation,Serpin Inhibitors,Protease Cascade Control,No
,GFT03869.1,LGALS7,ko:K10092,,,,"ko00000,ko04091",9544.ENSMMUP00000026837,41.5,6.23e-22,94.7,0.0,0.0,0.0,0.0,galectin-7 [Nephila pilipes],,"35QBP@314146,36CDK@314294,3A2WQ@33154,3BQVJ@33208,3D7EA@33213,3JH2U@40674,48EX0@7711,49BGQ@7742,4MN78@9443,KOG3587@1,KOG3587@2759",Gal-bind_lectin,0.0,0.0,Pathogen Recognition,C-type Lectins (CTL),Carbohydrate Pattern Recognition,No
,GFT05863.1,,,,,,,126957.SMAR011898-PA,45.0,5.72e-24,115.0,0.0,0.0,0.0,0.0,"toll-like receptor 9, partial [Nephila pilipes]",,"39WAB@33154,3BN8H@33208,3D2S8@33213,41X4B@6656,COG4886@1,KOG0619@2759",LRR_8,0.0,0.0,Toll Signaling Pathway,Toll Receptors (TLR),Transmembrane Signaling,No
,GFT08065.1,L798_15096,ko:K22077,,,,"ko03029,ko00000",136037.KDR11132,44.1,2.55e-82,259.0,0.0,0.0,0.0,0.0,ganglioside-induced differentiation-associated protein 1 [Nephila pilipes],,"38HIN@33154,3BA4A@33208,3CZ3Q@33213,3SMBV@50557,41Z1I@6656,KOG4420@1,KOG4420@2759","GST_C,GST_N_3",0.0,0.0,Toll Signaling Pathway,Toll Intracellular Cascade,MyD88 / Cactus / Dorsal,No
,GFT09875.1,,,,,,,10160.XP_004638310.1,40.6,9.68e-65,216.0,0.0,0.0,0.0,0.0,"serpin B8, partial [Nephila pilipes]",,"35VKP@314146,38VR6@33154,3B998@33208,3E41S@33213,3JNE1@40674,48QRN@7711,49MBE@7742,4Q9ZN@9989,COG4826@1,KOG2392@2759",Serpin,0.0,0.0,Melanization & Coagulation,Serpin Inhibitors,Protease Cascade Control,No
,GFT11775.1,107369064,ko:K13963,"ko05146,map05146",,,"ko00001,ko00000",32264.tetur30g02180.1,41.5,8.49e-34,130.0,0.0,0.0,0.0,0.0,SERPIN domain-containing protein [Nephila pilipes],,"38VR6@33154,3B998@33208,3E41S@33213,COG4826@1,KOG2392@2759",Serpin,0.0,0.0,Melanization & Coagulation,Serpin Inhibitors,Protease Cascade Control,No
,GFT11777.1,107369064,ko:K13963,"ko05146,map05146",,,"ko00001,ko00000",32264.tetur30g02180.1,41.8,2.07e-46,165.0,0.0,0.0,0.0,0.0,leukocyte elastase inhibitor A [Nephila pilipes],,"38VR6@33154,3B998@33208,3E41S@33213,COG4826@1,KOG2392@2759",Serpin,0.0,0.0,Melanization & Coagulation,Serpin Inhibitors,Protease Cascade Control,No
,GFT14547.1,L798_09901,ko:K07207,"map05165,map04115,map04218,map04072,map04211,ko05165,ko04140,ko05231,ko04714,map04140,ko04919,ko04910,ko04072,ko04115,ko04152,ko04151,ko04150,ko04218,map04919,map04714,map04910,ko04211,map05231,map04150,map04151,map04152",,,"ko01009,ko00001,ko00000",136037.KDR16585,35.4,0.0,1014.0,0.0,0.0,0.0,0.0,tuberin [Nephila pilipes],,"38FNN@33154,3BFZK@33208,3CXZN@33213,3SIDS@50557,41U01@6656,KOG3687@1,KOG3687@2759","DUF3384,Rap_GAP,Tuberin",0.0,0.0,Toll Signaling Pathway,Toll Intracellular Cascade,MyD88 / Cactus / Dorsal,No
,GFT16642.1,,ko:K13963,"ko05146,map05146",,,"ko00001,ko00000",7739.XP_002593781.1,39.8,2.57e-69,229.0,0.0,0.0,0.0,0.0,"uncharacterized serpin-like protein TK1782, partial [Nephila pilipes]",,"38VR6@33154,3BBFJ@33208,3CV81@33213,48177@7711,COG4826@1,KOG2392@2759",Serpin,0.0,0.0,Melanization & Coagulation,Serpin Inhibitors,Protease Cascade Control,No
,GFT17341.1,,,,,,,7070.TC005600-PA,74.3,3.26e-46,168.0,0.0,0.0,0.0,0.0,dorsal root ganglia homeobox protein [Nephila pilipes],,"38E3E@33154,3B9E5@33208,3CWXY@33213,3SKBN@50557,41XXR@6656,KOG0490@1,KOG0490@2759","Homeobox,OAR",0.0,0.0,Toll Signaling Pathway,Toll Intracellular Cascade,MyD88 / Cactus / Dorsal,No
,GFT18238.1,,,,,,,9913.ENSBTAP00000003805,44.3,1.82e-31,120.0,0.0,0.0,0.0,0.0,serpin B10 [Nephila pilipes],,"38VR6@33154,3BBFJ@33208,3CV81@33213,3JCVT@40674,482SZ@7711,496G1@7742,4J9MM@91561,COG4826@1,KOG2392@2759",Serpin,0.0,0.0,Melanization & Coagulation,Serpin Inhibitors,Protease Cascade Control,No
,GFT18922.1,,,,,,,9913.ENSBTAP00000003805,44.0,1.92e-35,130.0,0.0,0.0,0.0,0.0,serpin B10 [Nephila pilipes],,"38VR6@33154,3BBFJ@33208,3CV81@33213,3JCVT@40674,482SZ@7711,496G1@7742,4J9MM@91561,COG4826@1,KOG2392@2759",Serpin,0.0,0.0,Melanization & Coagulation,Serpin Inhibitors,Protease Cascade Control,No
,GFT20663.1,,,,,,,126957.SMAR015393-PA,50.1,1.55e-202,585.0,0.0,0.0,0.0,0.0,NADPH-dependent diflavin oxidoreductase 1 [Nephila pilipes],,"38DM1@33154,3BE84@33208,3CRQ3@33213,41U4D@6656,COG0369@1,KOG1159@2759","FAD_binding_1,Flavodoxin_1,NAD_binding_1",0.0,0.0,Toll Signaling Pathway,Toll Intracellular Cascade,MyD88 / Cactus / Dorsal,No
,GFT20793.1,,,,,,,8496.XP_006263011.1,45.6,2.21e-22,97.4,0.0,0.0,0.0,0.0,serpin I2 [Nephila pilipes],,"38VR6@33154,3B998@33208,3E41S@33213,48QRN@7711,49MBE@7742,COG4826@1,KOG2392@2759",Serpin,0.0,0.0,Melanization & Coagulation,Serpin Inhibitors,Protease Cascade Control,No
,GFT21056.1,,ko:K13963,"ko05146,map05146",,,"ko00001,ko00000",7739.XP_002593781.1,39.8,2.57e-69,229.0,0.0,0.0,0.0,0.0,"uncharacterized serpin-like protein TK1782, partial [Nephila pilipes]",,"38VR6@33154,3BBFJ@33208,3CV81@33213,48177@7711,COG4826@1,KOG2392@2759",Serpin,0.0,0.0,Melanization & Coagulation,Serpin Inhibitors,Protease Cascade Control,No
,GFT21285.1,107364934,ko:K13885,"map04979,ko04975,map05160,ko04977,ko04976,ko04913,ko04145,map04976,map04977,ko04979,map04975,ko04934,map04925,ko04927,map04927,ko04925,map04145,map04913,map04934,ko05160",,,"ko04131,ko04147,ko00001,ko00000",32264.tetur13g00340.1,36.3,3.61e-104,330.0,0.0,0.0,0.0,0.0,scavenger receptor class B member 1 [Nephila pilipes],,"38CP8@33154,3BAAR@33208,3E49J@33213,42AAT@6656,KOG3776@1,KOG3776@2759",CD36,0.0,0.0,Pathogen Recognition,Scavenger Receptors,Cellular Clearance & Uptake,No
,GFT21287.1,107364934,ko:K13885,"map04979,ko04975,map05160,ko04977,ko04976,ko04913,ko04145,map04976,map04977,ko04979,map04975,ko04934,map04925,ko04927,map04927,ko04925,map04145,map04913,map04934,ko05160",,,"ko04131,ko04147,ko00001,ko00000",32264.tetur13g00340.1,36.3,2.18e-104,330.0,0.0,0.0,0.0,0.0,scavenger receptor class B member 1 [Nephila pilipes],,"38CP8@33154,3BAAR@33208,3E49J@33213,42AAT@6656,KOG3776@1,KOG3776@2759",CD36,0.0,0.0,Pathogen Recognition,Scavenger Receptors,Cellular Clearance & Uptake,No
,GFT21839.1,,,,,,,126957.SMAR005784-PA,25.9,7.639999999999999e-24,111.0,0.0,0.0,0.0,0.0,"serpin-4, partial [Nephila pilipes]",,"38VR6@33154,3BBFJ@33208,3CV81@33213,COG4826@1,KOG2392@2759",Serpin,0.0,0.0,Melanization & Coagulation,Serpin Inhibitors,Protease Cascade Control,No
,GFT22620.1,,,,,,,7739.XP_002593666.1,48.4,1.82e-69,222.0,0.0,0.0,0.0,0.0,techylectin-5A [Nephila pilipes],,"38D9J@33154,3BAVE@33208,3CSRR@33213,47ZAC@7711,KOG2579@1,KOG2579@2759",Fibrinogen_C,0.0,0.0,Pathogen Recognition,C-type Lectins (CTL),Carbohydrate Pattern Recognition,No
,GFT22623.1,,,,,,,7739.XP_002593666.1,49.1,2.43e-71,228.0,0.0,0.0,0.0,0.0,techylectin-5A [Nephila pilipes],,"38D9J@33154,3BAVE@33208,3CSRR@33213,47ZAC@7711,KOG2579@1,KOG2579@2759",Fibrinogen_C,0.0,0.0,Pathogen Recognition,C-type Lectins (CTL),Carbohydrate Pattern Recognition,No
,GFT22626.1,,,,,,,126957.SMAR009547-PA,47.3,1.37e-66,215.0,0.0,0.0,0.0,0.0,techylectin-5A [Nephila pilipes],,"38D9J@33154,3BAVE@33208,3CSRR@33213,422G4@6656,KOG2579@1,KOG2579@2759",Fibrinogen_C,0.0,0.0,Pathogen Recognition,C-type Lectins (CTL),Carbohydrate Pattern Recognition,No
,GFT22629.1,,,,,,,7739.XP_002604306.1,51.8,1.82e-72,238.0,0.0,0.0,0.0,0.0,techylectin-5A [Nephila pilipes],,"38D9J@33154,3BAVE@33208,3CSRR@33213,47ZAC@7711,KOG2579@1,KOG2579@2759,KOG3592@1,KOG3592@2759",Fibrinogen_C,0.0,0.0,Pathogen Recognition,C-type Lectins (CTL),Carbohydrate Pattern Recognition,No
,GFT22631.1,,ko:K10104,,,,"ko04516,ko00000,ko04091",7739.XP_002594892.1,53.4,3.24e-76,240.0,0.0,0.0,0.0,0.0,techylectin-5A [Nephila pilipes],,"38D9J@33154,3BAVE@33208,3CSRR@33213,47ZAC@7711,KOG2579@1,KOG2579@2759",Fibrinogen_C,0.0,0.0,Pathogen Recognition,C-type Lectins (CTL),Carbohydrate Pattern Recognition,No
,GFT22633.1,,,,,,,7739.XP_002604306.1,51.8,5.23e-75,248.0,0.0,0.0,0.0,0.0,techylectin-5A [Nephila pilipes],,"38D9J@33154,3BAVE@33208,3CSRR@33213,47ZAC@7711,KOG2579@1,KOG2579@2759,KOG3592@1,KOG3592@2759",Fibrinogen_C,0.0,0.0,Pathogen Recognition,C-type Lectins (CTL),Carbohydrate Pattern Recognition,No
,GFT22634.1,,,,,,,7739.XP_002604306.1,51.8,1.72e-75,248.0,0.0,0.0,0.0,0.0,techylectin-5A [Nephila pilipes],,"38D9J@33154,3BAVE@33208,3CSRR@33213,47ZAC@7711,KOG2579@1,KOG2579@2759,KOG3592@1,KOG3592@2759",Fibrinogen_C,0.0,0.0,Pathogen Recognition,C-type Lectins (CTL),Carbohydrate Pattern Recognition,No
,GFT25575.1,,,,,,,69319.XP_008556433.1,58.4,1.22e-112,346.0,0.0,0.0,0.0,0.0,embryonic polarity protein dorsal [Nephila pilipes],,"2CMKZ@1,2QQS6@2759,38D08@33154,3BCW7@33208,3CWI0@33213,3SIXZ@50557,41W5U@6656,46H5P@7399","RHD_DNA_bind,RHD_dimer",0.0,0.0,Toll Signaling Pathway,Toll Intracellular Cascade,MyD88 / Cactus / Dorsal,No
,GFT25799.1,,,,,,,34740.HMEL006763-PA,44.4,2.89e-45,156.0,0.0,0.0,0.0,0.0,peptidoglycan recognition protein [Nephila pilipes],,"2S2KY@2759,3A1DX@33154,3BS3D@33208,3D1KA@33213,3SN3E@50557,4204Z@6656,446AJ@7088,COG5479@1",Amidase_2,0.0,0.0,Pathogen Recognition,PGRP Family,Bacterial Peptidoglycan Sensing,No
,GFT26227.1,AEH22912.1,ko:K13963,"ko05146,map05146",,,"ko00001,ko00000",795359.TOPB45_0812,27.2,1.13e-28,122.0,0.0,0.0,0.0,0.0,serpin B10 [Nephila pilipes],,"COG4826@1,COG4826@2",Serpin,0.0,0.0,Melanization & Coagulation,Serpin Inhibitors,Protease Cascade Control,No
,GFT28527.1,,,,,,,7739.XP_002608169.1,44.1,6.1e-09,59.7,0.0,0.0,0.0,0.0,INVERT_DEFENSINS domain-containing protein [Nephila pilipes],,"38BA2@33154,3BHBM@33208,3CSSV@33213,4802J@7711,KOG1216@1,KOG1216@2759,KOG4297@1,KOG4297@2759,KOG4729@1,KOG4729@2759","C8,EGF_CA,Gal_Lectin,IgGFc_binding,Lectin_C,TIL,TILa,VWD",0.0,0.0,Antimicrobial Effectors,Antimicrobial Peptides (AMPs),Direct Pathogen Lysis,No
,GFT28743.1,107363079,,,,,,32264.tetur09g04990.1,51.0,2.68e-198,617.0,0.0,0.0,0.0,0.0,toll-like receptor Tollo [Nephila pilipes],,"38EYJ@33154,3BIA8@33208,3D0YP@33213,41U4Z@6656,COG4886@1,KOG4641@2759","LRR_8,TIR",0.0,0.0,Toll Signaling Pathway,Toll Receptors (TLR),Transmembrane Signaling,No
,GFT29649.1,C3PO,,,,,,7070.TC007013-PA,35.5,8.87e-114,378.0,0.0,0.0,0.0,0.0,"dorsal-ventral patterning tolloid-like protein 1, partial [Nephila pilipes]",,"3949K@33154,3BGFY@33208,3CUBZ@33213,3SJ5A@50557,41X03@6656,KOG1217@1,KOG1217@2759,KOG3732@1,KOG3732@2759,KOG4292@1,KOG4292@2759","CUB,EGF,EGF_3,EGF_CA,dsrm",0.0,0.0,Toll Signaling Pathway,Toll Intracellular Cascade,MyD88 / Cactus / Dorsal,No
,GFT35953.1,107364181,ko:K09254,"map05203,map05202,map04014,ko04014,map04624,ko04624,ko05202,ko05203",,,"ko03000,ko00001,ko00000",32264.tetur11g04270.1,49.1,2.66e-139,423.0,0.0,0.0,0.0,0.0,embryonic polarity protein dorsal [Nephila pilipes],,"2CMKZ@1,2QQS6@2759,38D08@33154,3BCW7@33208,3CWI0@33213,41W5U@6656","RHD_DNA_bind,RHD_dimer",0.0,0.0,Toll Signaling Pathway,Toll Intracellular Cascade,MyD88 / Cactus / Dorsal,No
,GFT36048.1,Toll6,,,,,,7070.TC004895-PA,51.5,1.16e-230,703.0,0.0,0.0,0.0,0.0,toll-like receptor Tollo [Nephila pilipes],,"38EYJ@33154,3BIA8@33208,3D0YP@33213,3SKPA@50557,41U4Z@6656,COG4886@1,KOG4641@2759","LRR_8,TIR",0.0,0.0,Toll Signaling Pathway,Toll Receptors (TLR),Transmembrane Signaling,No
,GFT38287.1,SERPINB8,ko:K13965,,,,ko00000,109478.XP_005861610.1,26.5,2.37e-33,134.0,0.0,0.0,0.0,0.0,uncharacterized serpin-like protein TK1782 [Nephila pilipes],,"39YXT@33154,3BN1U@33208,3CZYU@33213,3J8G9@40674,487CU@7711,498W1@7742,4KSCP@9397,COG4826@1,KOG2392@2759",Serpin,0.0,0.0,Melanization & Coagulation,Serpin Inhibitors,Protease Cascade Control,No
,GFT38806.1,,,,,,,7739.XP_002610247.1,44.3,7.24e-51,179.0,0.0,0.0,0.0,0.0,techylectin-5A [Nephila pilipes],,"38D9J@33154,3BAVE@33208,3CSRR@33213,47ZAC@7711,KOG2579@1,KOG2579@2759",Fibrinogen_C,0.0,0.0,Pathogen Recognition,C-type Lectins (CTL),Carbohydrate Pattern Recognition,No
,GFT38810.1,,,,,,,13735.ENSPSIP00000012876,46.3,6.14e-36,134.0,0.0,0.0,0.0,0.0,techylectin-5A [Nephila pilipes],,"39RMR@33154,3BBXT@33208,3D118@33213,48CW0@7711,492J5@7742,4CIXQ@8459,KOG2579@1,KOG2579@2759",Fibrinogen_C,0.0,0.0,Pathogen Recognition,C-type Lectins (CTL),Carbohydrate Pattern Recognition,No
,GFT38812.1,,ko:K10104,,,,"ko04516,ko00000,ko04091",7739.XP_002600315.1,40.9,3.62e-52,178.0,0.0,0.0,0.0,0.0,techylectin-5A [Nephila pilipes],,"38D9J@33154,3BAVE@33208,3CSRR@33213,47ZAC@7711,KOG2579@1,KOG2579@2759",Fibrinogen_C,0.0,0.0,Pathogen Recognition,C-type Lectins (CTL),Carbohydrate Pattern Recognition,No
,GFT38814.1,,,,,,,400682.PAC_15705424,37.5,9.22e-73,241.0,0.0,0.0,0.0,0.0,techylectin-5A [Nephila pilipes],,"38D9J@33154,3BKJC@33208,KOG2579@1,KOG2579@2759",Fibrinogen_C,0.0,0.0,Pathogen Recognition,C-type Lectins (CTL),Carbohydrate Pattern Recognition,No
,GFT38816.1,,,,,,,400682.PAC_15705424,37.5,1.0600000000000001e-72,241.0,0.0,0.0,0.0,0.0,techylectin-5A [Nephila pilipes],,"38D9J@33154,3BKJC@33208,KOG2579@1,KOG2579@2759",Fibrinogen_C,0.0,0.0,Pathogen Recognition,C-type Lectins (CTL),Carbohydrate Pattern Recognition,No
,GFT44644.1,U27_05483,,,,,,1499967.BAYZ01000097_gene4350,39.8,9.500000000000001e-71,233.0,0.0,0.0,0.0,0.0,serpin B10 [Nephila pilipes],,"2NQVB@2323,COG4826@1,COG4826@2",Serpin,0.0,0.0,Melanization & Coagulation,Serpin Inhibitors,Protease Cascade Control,No
,GFT44646.1,U27_05483,,,,,,1499967.BAYZ01000097_gene4350,40.8,8.48e-74,242.0,0.0,0.0,0.0,0.0,leukocyte elastase inhibitor [Nephila pilipes],,"2NQVB@2323,COG4826@1,COG4826@2",Serpin,0.0,0.0,Melanization & Coagulation,Serpin Inhibitors,Protease Cascade Control,No
,GFT44648.1,U27_05483,,,,,,1499967.BAYZ01000097_gene4350,40.4,2.72e-72,238.0,0.0,0.0,0.0,0.0,serpin B10 [Nephila pilipes],,"2NQVB@2323,COG4826@1,COG4826@2",Serpin,0.0,0.0,Melanization & Coagulation,Serpin Inhibitors,Protease Cascade Control,No
,GFT44675.1,ATG7,,,,,,128390.XP_009474981.1,50.1,2.1599999999999997e-229,662.0,0.0,0.0,0.0,0.0,ubiquitin-like modifier-activating enzyme ATG7 [Nephila pilipes],,"38CKP@33154,3BGTS@33208,3CTBD@33213,4849D@7711,495B1@7742,4GPGZ@8782,COG0476@1,KOG2337@2759","ATG7_N,ThiF",0.0,0.0,Toll Signaling Pathway,Toll Intracellular Cascade,MyD88 / Cactus / Dorsal,No
,GFT44950.1,,,,,,,126957.SMAR009529-PA,79.0,2.93e-67,213.0,0.0,0.0,0.0,0.0,endothelial differentiation-related factor 1 [Nephila pilipes],,"3A1NN@33154,3BPD8@33208,3CWT3@33213,41ZE9@6656,COG1813@1,KOG3398@2759","HTH_3,MBF1",0.0,0.0,Toll Signaling Pathway,Toll Intracellular Cascade,MyD88 / Cactus / Dorsal,No
,GFT45325.1,,,,,,,13037.EHJ63159,28.8,4.76e-128,437.0,0.0,0.0,0.0,0.0,zonadhesin [Nephila pilipes],,"38F2N@33154,3CPK9@33208,3E5RB@33213,3T06Q@50557,42ATA@6656,449C5@7088,COG4826@1,KOG1217@1,KOG1217@2759,KOG2392@2759","Serpin,TIL",0.0,0.0,Melanization & Coagulation,Serpin Inhibitors,Protease Cascade Control,No
,GFT45677.1,,,,,,,69293.ENSGACP00000010334,47.2,8.94e-143,426.0,0.0,0.0,0.0,0.0,"tRNA modification GTPase GTPBP3, mitochondrial [Nephila pilipes]",,"38CEV@33154,3BE5G@33208,3CV3A@33213,487V9@7711,496TW@7742,49XKP@7898,COG0486@1,KOG1191@2759","MMR_HSR1,MnmE_helical,TrmE_N",0.0,0.0,Toll Signaling Pathway,Toll Intracellular Cascade,MyD88 / Cactus / Dorsal,No
,GFT46038.1,8231873,ko:K04734,"map05140,ko05120,map05142,map04657,map05145,map05160,map05161,ko05142,map04659,map04658,map05164,ko05145,map05169,ko04062,map05222,ko04064,map05134,ko04380,map04210,map05167,map05203,ko05167,map05168,ko04657,ko04658,ko04659,ko04024,map05120,map04622,map04623,map04620,map04621,ko04931,map04624,map04926,ko05203,map04380,ko05215,map04722,ko05166,ko05140,map04662,map04660,map05200,ko05134,map04668,ko05131,map04024,ko04210,map05166,map04920,map05220,map04062,map04064,ko05161,ko05222,ko04668,ko05220,map05215,ko05200,ko05168,ko04660,ko04662,ko05164,ko04920,map05131,ko04926,ko05160,map05162,ko05162,ko04621,ko04620,ko04623,ko04622,ko05169,ko04624,ko04722,map04931",M00686,,"ko03000,ko04131,ko00001,ko00000,ko00002",121225.PHUM345810-PA,44.5,1.27e-50,181.0,0.0,0.0,0.0,0.0,NF-kappa-B inhibitor cactus [Nephila pilipes],,"38EYH@33154,3BM8A@33208,3CRRM@33213,3EDDA@33342,3SMZY@50557,41ZXU@6656,COG0666@1,KOG0504@2759","Ank_2,Ank_4",0.0,0.0,Toll Signaling Pathway,Toll Intracellular Cascade,MyD88 / Cactus / Dorsal,No
,GFT47315.1,,,,,,,10224.XP_006825652.1,30.1,4.6800000000000005e-27,115.0,0.0,0.0,0.0,0.0,EP300-interacting inhibitor of differentiation 3 [Nephila pilipes],,"39GJI@33154,3BF2I@33208,3CYZH@33213,COG5125@1,KOG2866@2759","Nse4-Nse3_bdg,Nse4_C",0.0,0.0,Toll Signaling Pathway,Toll Intracellular Cascade,MyD88 / Cactus / Dorsal,No
,GFT47778.1,,,,,,,7739.XP_002610291.1,57.6,2.42e-46,153.0,0.0,0.0,0.0,0.0,techylectin-like protein [Nephila pilipes],,"KOG2579@1,KOG2579@2759",Fibrinogen_C,0.0,0.0,Pathogen Recognition,C-type Lectins (CTL),Carbohydrate Pattern Recognition,No
,GFT49173.1,,ko:K13963,"ko05146,map05146",,,"ko00001,ko00000",60711.ENSCSAP00000014218,40.1,1.47e-61,207.0,0.0,0.0,0.0,0.0,serpin B4 [Nephila pilipes],,"35BIR@314146,36118@314294,38VR6@33154,3BBFJ@33208,3CV81@33213,3JCVT@40674,482SZ@7711,496G1@7742,4MCWU@9443,COG4826@1,KOG2392@2759",Serpin,0.0,0.0,Melanization & Coagulation,Serpin Inhibitors,Protease Cascade Control,No
,GFT49853.1,,,,,,,7739.XP_002608169.1,44.1,1.07e-07,59.3,0.0,0.0,0.0,0.0,INVERT_DEFENSINS domain-containing protein [Nephila pilipes],,"38BA2@33154,3BHBM@33208,3CSSV@33213,4802J@7711,KOG1216@1,KOG1216@2759,KOG4297@1,KOG4297@2759,KOG4729@1,KOG4729@2759","C8,EGF_CA,Gal_Lectin,IgGFc_binding,Lectin_C,TIL,TILa,VWD",0.0,0.0,Antimicrobial Effectors,Antimicrobial Peptides (AMPs),Direct Pathogen Lysis,No
,GFT50570.1,,,,,,,7955.ENSDARP00000117174,63.6,8.090000000000001e-27,102.0,0.0,0.0,0.0,0.0,techylectin-5B [Nephila pilipes],,"38H7K@33154,3BHN9@33208,3CS96@33213,4831W@7711,495Z2@7742,KOG2579@1,KOG2579@2759",Fibrinogen_C,0.0,0.0,Pathogen Recognition,C-type Lectins (CTL),Carbohydrate Pattern Recognition,No
,GFT50843.1,,,,,,,126957.SMAR003045-PA,48.9,3.59e-27,113.0,0.0,0.0,0.0,0.0,"serpin B6, partial [Nephila pilipes]",,"38VR6@33154,3BBFJ@33208,3CV81@33213,41YNT@6656,COG4826@1,KOG2392@2759",Serpin,0.0,0.0,Melanization & Coagulation,Serpin Inhibitors,Protease Cascade Control,No
,GFT50845.1,Dtur_1669,ko:K13963,"ko05146,map05146",,,"ko00001,ko00000",515635.Dtur_1669,37.8,6.719999999999998e-69,229.0,0.0,0.0,0.0,0.0,"uncharacterized serpin-like protein TK1782, partial [Nephila pilipes]",,"COG4826@1,COG4826@2",Serpin,0.0,0.0,Melanization & Coagulation,Serpin Inhibitors,Protease Cascade Control,No
,GFT52552.1,,,,,,,9913.ENSBTAP00000003805,44.0,2.43e-36,133.0,0.0,0.0,0.0,0.0,serpin B10 [Nephila pilipes],,"38VR6@33154,3BBFJ@33208,3CV81@33213,3JCVT@40674,482SZ@7711,496G1@7742,4J9MM@91561,COG4826@1,KOG2392@2759",Serpin,0.0,0.0,Melanization & Coagulation,Serpin Inhibitors,Protease Cascade Control,No
,GFT54064.1,,,,,,,7739.XP_002593669.1,41.1,4.1100000000000004e-49,169.0,0.0,0.0,0.0,0.0,techylectin-5A [Nephila pilipes],,"38D9J@33154,3BAVE@33208,3CSRR@33213,47ZAC@7711,KOG2579@1,KOG2579@2759",Fibrinogen_C,0.0,0.0,Pathogen Recognition,C-type Lectins (CTL),Carbohydrate Pattern Recognition,No
,GFT54066.1,,,,,,,7739.XP_002593669.1,41.1,2.55e-49,170.0,0.0,0.0,0.0,0.0,techylectin-5A [Nephila pilipes],,"38D9J@33154,3BAVE@33208,3CSRR@33213,47ZAC@7711,KOG2579@1,KOG2579@2759",Fibrinogen_C,0.0,0.0,Pathogen Recognition,C-type Lectins (CTL),Carbohydrate Pattern Recognition,No
,GFT54069.1,tnn,ko:K06252,"map05206,map05165,map04510,map04512,ko04151,ko05165,ko04512,ko04510,ko05206,map04151",,,"ko04516,ko00536,ko00001,ko00000",7994.ENSAMXP00000002182,58.0,1.3e-10,65.1,0.0,0.0,0.0,0.0,techylectin-5A [Nephila pilipes],,"39REY@33154,3BF4W@33208,3CXDP@33213,480CC@7711,48WBW@7742,49TI7@7898,KOG1225@1,KOG1225@2759,KOG2579@1,KOG2579@2759","Fibrinogen_C,fn3",0.0,0.0,Pathogen Recognition,C-type Lectins (CTL),Carbohydrate Pattern Recognition,No
,GFT54072.1,Fcnb,ko:K10104,,,,"ko04516,ko00000,ko04091",10090.ENSMUSP00000028179,40.0,4.47e-17,82.4,0.0,0.0,0.0,0.0,techylectin-5A [Nephila pilipes],"P|GO:0001817|ISO,P|GO:0001819|ISO,P|GO:0001867|IEA,P|GO:0002218|ISO,P|GO:0002220|ISO,P|GO:0002221|ISO,P|GO:0002252|IEA,P|GO:0002253|ISO,P|GO:0002253|IEA,P|GO:0002376|ISO,P|GO:0002376|IEA,P|GO:0002429|ISO,P|GO:0002682|ISO,P|GO:0002682|IEA,P|GO:0002684|ISO,P|GO:0002684|IEA,P|GO:0002752|ISO,P|GO:0002757|ISO,P|GO:0002758|ISO,P|GO:0002764|ISO,P|GO:0002768|ISO,P|GO:0002791|ISO,P|GO:0002793|ISO,P|GO:0006807|IEA,P|GO:0006810|ISO,P|GO:0006897|ISO,P|GO:0006909|ISO,P|GO:0006910|ISO,P|GO:0006950|IEA,P|GO:0006952|IEA,P|GO:0006955|IEA,P|GO:0006956|IEA,P|GO:0006959|IEA,P|GO:0007154|ISO,P|GO:0007165|ISO,P|GO:0007166|ISO,P|GO:0007186|ISO,P|GO:0008037|ISO,P|GO:0008104|ISO,P|GO:0008150|ISO,P|GO:0008150|IEA,P|GO:0008152|IEA,P|GO:0009987|ISO,P|GO:0016192|ISO,P|GO:0019538|IEA,P|GO:0023052|ISO,P|GO:0031347|ISO,P|GO:0031349|ISO,P|GO:0032677|ISO,P|GO:0032757|ISO,P|GO:0032879|ISO,P|GO:0032880|ISO,P|GO:0033036|ISO,P|GO:0034394|ISO,P|GO:0034613|ISO,P|GO:0043170|IEA,P|GO:0043277|ISO,P|GO:0043654|ISO,P|GO:0043900|ISO,P|GO:0043901|ISO,P|GO:0043903|ISO,P|GO:0044238|IEA,P|GO:0045087|IEA,P|GO:0045088|ISO,P|GO:0045089|ISO,P|GO:0046596|ISO,P|GO:0046597|ISO,P|GO:0048518|ISO,P|GO:0048518|IEA,P|GO:0048519|ISO,P|GO:0048522|ISO,P|GO:0048525|ISO,P|GO:0048583|ISO,P|GO:0048583|IEA,P|GO:0048584|ISO,P|GO:0048584|IEA,P|GO:0050707|ISO,P|GO:0050708|ISO,P|GO:0050714|ISO,P|GO:0050715|ISO,P|GO:0050776|ISO,P|GO:0050776|IEA,P|GO:0050778|ISO,P|GO:0050778|IEA,P|GO:0050789|ISO,P|GO:0050789|IEA,P|GO:0050792|ISO,P|GO:0050794|ISO,P|GO:0050896|ISO,P|GO:0050896|IEA,P|GO:0051046|ISO,P|GO:0051047|ISO,P|GO:0051049|ISO,P|GO:0051050|ISO,P|GO:0051179|ISO,P|GO:0051222|ISO,P|GO:0051223|ISO,P|GO:0051234|ISO,P|GO:0051239|ISO,P|GO:0051240|ISO,P|GO:0051641|ISO,P|GO:0051716|ISO,P|GO:0065007|ISO,P|GO:0065007|IEA,P|GO:0070201|ISO,P|GO:0070727|ISO,P|GO:0071704|IEA,P|GO:0072376|IEA,P|GO:0080134|ISO,P|GO:0090087|ISO,P|GO:0098657|ISO,P|GO:1901564|IEA,P|GO:1903530|ISO,P|GO:1903532|ISO,P|GO:1903900|ISO,P|GO:1903901|ISO,P|GO:1904951|ISO,P|GO:2000482|ISO,P|GO:2000484|ISO,C|GO:0005575|ISO,C|GO:0005575|CURATED,C|GO:0005575|IEA,C|GO:0005576|CURATED,C|GO:0005581|IEA,C|GO:0005623|ISO,C|GO:0005886|ISO,C|GO:0009897|ISO,C|GO:0009986|ISO,C|GO:0016020|ISO,C|GO:0019897|ISO,C|GO:0019898|ISO,C|GO:0031232|ISO,C|GO:0032991|IEA,C|GO:0044425|ISO,C|GO:0044459|ISO,C|GO:0044464|ISO,C|GO:0071944|ISO,C|GO:0098552|ISO,F|GO:0001664|ISO,F|GO:0003674|IDA,F|GO:0003674|ISO,F|GO:0003674|IEA,F|GO:0005102|ISO,F|GO:0005488|IDA,F|GO:0005488|ISO,F|GO:0005488|IEA,F|GO:0005515|ISO,F|GO:0008329|ISO,F|GO:0030246|IEA,F|GO:0031406|IDA,F|GO:0033691|IDA,F|GO:0036094|IDA,F|GO:0038023|ISO,F|GO:0038187|ISO,F|GO:0043167|IDA,F|GO:0043167|IEA,F|GO:0043168|IDA,F|GO:0043169|IEA,F|GO:0043177|IDA,F|GO:0046872|IEA,F|GO:0060089|ISO,F|GO:0097367|IDA,F|GO:0097367|IDA","35HWB@314146,38D9J@33154,3BAVE@33208,3CSRR@33213,3JCEH@40674,47ZAC@7711,48YT6@7742,4Q1UH@9989,KOG2579@1,KOG2579@2759","Collagen,Fibrinogen_C",0.0,0.0,Pathogen Recognition,C-type Lectins (CTL),Carbohydrate Pattern Recognition,No
,GFT54077.1,,,,,,,10224.XP_002734685.2,37.4,2.07e-78,266.0,0.0,0.0,0.0,0.0,techylectin-5A [Nephila pilipes],,"38D9J@33154,3BKJC@33208,3D6DU@33213,KOG2579@1,KOG2579@2759",Fibrinogen_C,0.0,0.0,Pathogen Recognition,C-type Lectins (CTL),Carbohydrate Pattern Recognition,No
,GFT55436.1,,,,,,,10224.XP_002733735.2,52.7,4.63e-09,63.9,0.0,0.0,0.0,0.0,techylectin-5A [Nephila pilipes],,"393HE@33154,3BCY5@33208,3CUZR@33213,KOG2579@1,KOG2579@2759,KOG3599@1,KOG3599@2759","Fibrinogen_C,GPS,Lectin_C,PKD_channel,PLAT,REJ,SRCR,Sushi",0.0,0.0,Pathogen Recognition,C-type Lectins (CTL),Carbohydrate Pattern Recognition,No
,GFT56626.1,,,,,,,7213.XP_004526015.1,44.6,9.15e-14,72.8,0.0,0.0,0.0,0.0,"serpin B6, partial [Nephila pilipes]",,"38VR6@33154,3BBFJ@33208,3CV81@33213,3SG4V@50557,41YNT@6656,455WX@7147,COG4826@1,KOG2392@2759",Serpin,0.0,0.0,Melanization & Coagulation,Serpin Inhibitors,Protease Cascade Control,No
,GFT59196.1,,,,,,,10224.XP_006820203.1,52.3,2.04e-31,116.0,0.0,0.0,0.0,0.0,"techylectin-5A, partial [Nephila pilipes]",,"KOG2579@1,KOG2579@2759",Fibrinogen_C,0.0,0.0,Pathogen Recognition,C-type Lectins (CTL),Carbohydrate Pattern Recognition,No
,GFT59202.1,,,,,,,9913.ENSBTAP00000003805,45.1,3.8300000000000003e-35,130.0,0.0,0.0,0.0,0.0,serpin B10 [Nephila pilipes],,"38VR6@33154,3BBFJ@33208,3CV81@33213,3JCVT@40674,482SZ@7711,496G1@7742,4J9MM@91561,COG4826@1,KOG2392@2759",Serpin,0.0,0.0,Melanization & Coagulation,Serpin Inhibitors,Protease Cascade Control,No
,GFT60066.1,U27_05483,,,,,,1499967.BAYZ01000097_gene4350,39.8,9.500000000000001e-71,233.0,0.0,0.0,0.0,0.0,serpin B10 [Nephila pilipes],,"2NQVB@2323,COG4826@1,COG4826@2",Serpin,0.0,0.0,Melanization & Coagulation,Serpin Inhibitors,Protease Cascade Control,No
,GFT60068.1,U27_05483,,,,,,1499967.BAYZ01000097_gene4350,40.8,8.48e-74,242.0,0.0,0.0,0.0,0.0,leukocyte elastase inhibitor [Nephila pilipes],,"2NQVB@2323,COG4826@1,COG4826@2",Serpin,0.0,0.0,Melanization & Coagulation,Serpin Inhibitors,Protease Cascade Control,No
,GFT60070.1,U27_05483,,,,,,1499967.BAYZ01000097_gene4350,40.4,2.72e-72,238.0,0.0,0.0,0.0,0.0,serpin B10 [Nephila pilipes],,"2NQVB@2323,COG4826@1,COG4826@2",Serpin,0.0,0.0,Melanization & Coagulation,Serpin Inhibitors,Protease Cascade Control,No
,GFT61849.1,,,,,,,79684.XP_005370307.1,45.7,7.62e-50,168.0,0.0,0.0,0.0,0.0,peptidoglycan recognition protein 1 [Nephila pilipes],,"2S2KY@2759,35VI6@314146,3A1DX@33154,3BS3D@33208,3D1KA@33213,3J97Z@40674,489TX@7711,490AB@7742,4Q1VA@9989,COG5479@1",Amidase_2,0.0,0.0,Pathogen Recognition,PGRP Family,Bacterial Peptidoglycan Sensing,No
,GFT61855.1,KGM_209814,ko:K01446,,,,ko00000,13037.EHJ74577,47.2,8.04e-50,170.0,0.0,0.0,0.0,0.0,peptidoglycan recognition protein [Nephila pilipes],,"2S2KY@2759,3A1DX@33154,3BS3D@33208,3D1KA@33213,3SN3E@50557,4204Z@6656,446AJ@7088,COG5479@1",Amidase_2,0.0,0.0,Pathogen Recognition,PGRP Family,Bacterial Peptidoglycan Sensing,No
,GFT62226.1,Toll6,,,,,,7070.TC004895-PA,48.9,1.71e-203,633.0,0.0,0.0,0.0,0.0,toll-like receptor Tollo [Nephila pilipes],,"38EYJ@33154,3BIA8@33208,3D0YP@33213,3SKPA@50557,41U4Z@6656,COG4886@1,KOG4641@2759","LRR_8,TIR",0.0,0.0,Toll Signaling Pathway,Toll Receptors (TLR),Transmembrane Signaling,No
,GFT63575.1,,,,,,,7739.XP_002604312.1,66.0,1.4e-14,73.9,0.0,0.0,0.0,0.0,techylectin-5A [Nephila pilipes],,"38D9J@33154,3BAVE@33208,3CSRR@33213,47ZAC@7711,KOG2579@1,KOG2579@2759",Fibrinogen_C,0.0,0.0,Pathogen Recognition,C-type Lectins (CTL),Carbohydrate Pattern Recognition,No
,GFT64000.1,v1g95788,,,,,,45351.EDO44275,45.3,1.5e-14,72.8,0.0,0.0,0.0,0.0,"techylectin-5A, partial [Nephila pilipes]",,"38D9J@33154,3BHNR@33208,KOG2579@1,KOG2579@2759",Fibrinogen_C,0.0,0.0,Pathogen Recognition,C-type Lectins (CTL),Carbohydrate Pattern Recognition,No
,GFT65609.1,107369064,ko:K13963,"ko05146,map05146",,,"ko00001,ko00000",32264.tetur30g02180.1,33.5,9.39e-83,271.0,0.0,0.0,0.0,0.0,ovalbumin-related protein Y [Nephila pilipes],,"38VR6@33154,3B998@33208,3E41S@33213,COG4826@1,KOG2392@2759",Serpin,0.0,0.0,Melanization & Coagulation,Serpin Inhibitors,Protease Cascade Control,No
,GFT66656.1,,,,,,,7918.ENSLOCP00000011990,37.9,7.56e-55,191.0,0.0,0.0,0.0,0.0,myeloid differentiation primary response protein MyD88 [Nephila pilipes],,"28PXY@1,2QWKI@2759,39UIK@33154,3BIBY@33208,3CXMR@33213,48AG3@7711,4920Q@7742,49YVQ@7898","Death,TIR",0.0,0.0,Toll Signaling Pathway,Toll Intracellular Cascade,MyD88 / Cactus / Dorsal,No
,GFT66658.1,,,,,,,7918.ENSLOCP00000011990,34.9,3.62e-49,177.0,0.0,0.0,0.0,0.0,myeloid differentiation primary response protein MyD88 [Nephila pilipes],,"28PXY@1,2QWKI@2759,39UIK@33154,3BIBY@33208,3CXMR@33213,48AG3@7711,4920Q@7742,49YVQ@7898","Death,TIR",0.0,0.0,Toll Signaling Pathway,Toll Intracellular Cascade,MyD88 / Cactus / Dorsal,No
,GFT67125.1,,,,,,,7739.XP_002593664.1,44.3,5.96e-47,168.0,0.0,0.0,0.0,0.0,techylectin-5A [Nephila pilipes],,"38D9J@33154,3BAVE@33208,3CSRR@33213,47ZAC@7711,KOG2579@1,KOG2579@2759",Fibrinogen_C,0.0,0.0,Pathogen Recognition,C-type Lectins (CTL),Carbohydrate Pattern Recognition,No
,GFT72137.1,SERPINB4,,,,,,9597.XP_008950899.1,41.4,8.02e-30,114.0,0.0,0.0,0.0,0.0,"serpin B4, partial [Nephila pilipes]",,"35BIR@314146,38VR6@33154,3BBFJ@33208,3CV81@33213,3JCVT@40674,482SZ@7711,496G1@7742,4MCWU@9443,4MZNK@9604,COG4826@1,KOG2392@2759",Serpin,0.0,0.0,Melanization & Coagulation,Serpin Inhibitors,Protease Cascade Control,No
,GFT72139.1,,,,,,,29078.XP_008159648.1,34.6,6.630000000000001e-31,124.0,0.0,0.0,0.0,0.0,serpin B6 [Nephila pilipes],,"38VR6@33154,3BBFJ@33208,3CV81@33213,3JBGC@40674,48177@7711,49259@7742,4KWJI@9397,COG4826@1,KOG2392@2759",Serpin,0.0,0.0,Melanization & Coagulation,Serpin Inhibitors,Protease Cascade Control,No
,GFT72344.1,,,,,,,126957.SMAR012853-PA,44.2,1.68e-51,177.0,0.0,0.0,0.0,0.0,techylectin-5A [Nephila pilipes],,"38D9J@33154,3BAVE@33208,3CSRR@33213,422G4@6656,KOG2579@1,KOG2579@2759",Fibrinogen_C,0.0,0.0,Pathogen Recognition,C-type Lectins (CTL),Carbohydrate Pattern Recognition,No
,GFT72420.1,Serpinb9,,,,,,43179.ENSSTOP00000018614,33.6,9.09e-16,80.5,0.0,0.0,0.0,0.0,putative serpin-like protein [Nephila pilipes],,"359N2@314146,38VR6@33154,3BBFJ@33208,3CV81@33213,3J7RH@40674,48BC8@7711,492X6@7742,4PW6S@9989,COG4826@1,KOG2392@2759",Serpin,0.0,0.0,Melanization & Coagulation,Serpin Inhibitors,Protease Cascade Control,No
,GFT72422.1,EAY31427.1,,,,,,313606.M23134_04260,37.2,1.21e-69,233.0,0.0,0.0,0.0,0.0,serpin B6 [Nephila pilipes],,"47N0P@768503,4NG1G@976,COG4826@1,COG4826@2",Serpin,0.0,0.0,Melanization & Coagulation,Serpin Inhibitors,Protease Cascade Control,No
,GFT72424.1,EAY31427.1,,,,,,313606.M23134_04260,37.2,3.7500000000000005e-70,233.0,0.0,0.0,0.0,0.0,serpin B6 [Nephila pilipes],,"47N0P@768503,4NG1G@976,COG4826@1,COG4826@2",Serpin,0.0,0.0,Melanization & Coagulation,Serpin Inhibitors,Protease Cascade Control,No
,GFT74414.1,107363079,,,,,,32264.tetur09g04990.1,48.6,5.17e-218,671.0,0.0,0.0,0.0,0.0,toll-like receptor Tollo [Nephila pilipes],,"38EYJ@33154,3BIA8@33208,3D0YP@33213,41U4Z@6656,COG4886@1,KOG4641@2759","LRR_8,TIR",0.0,0.0,Toll Signaling Pathway,Toll Receptors (TLR),Transmembrane Signaling,No
,GFT75649.1,,,,,,,7739.XP_002593666.1,50.5,6.0999999999999994e-55,189.0,0.0,0.0,0.0,0.0,techylectin-5A [Nephila pilipes],,"38D9J@33154,3BAVE@33208,3CSRR@33213,47ZAC@7711,KOG2579@1,KOG2579@2759",Fibrinogen_C,0.0,0.0,Pathogen Recognition,C-type Lectins (CTL),Carbohydrate Pattern Recognition,No
,GFT76194.1,,ko:K10104,,,,"ko04516,ko00000,ko04091",7739.XP_002593672.1,52.7,4.1599999999999996e-60,193.0,0.0,0.0,0.0,0.0,"techylectin-5A, partial [Nephila pilipes]",,"38D9J@33154,3BAVE@33208,3CSRR@33213,47ZAC@7711,KOG2579@1,KOG2579@2759",Fibrinogen_C,0.0,0.0,Pathogen Recognition,C-type Lectins (CTL),Carbohydrate Pattern Recognition,No
,GFT76283.1,,,,,,,126957.SMAR001087-PA,68.1,0.0,1440.0,0.0,0.0,0.0,0.0,ubiquitin-like modifier-activating enzyme 1 [Nephila pilipes],,"38C42@33154,3BF55@33208,3CS9T@33213,41XDH@6656,COG0476@1,KOG2012@2759","E1_4HB,E1_FCCH,E1_UFD,ThiF,UBA_e1_thiolCys",0.0,0.0,Toll Signaling Pathway,Toll Intracellular Cascade,MyD88 / Cactus / Dorsal,No
,GFT76285.1,,,,,,,126957.SMAR001087-PA,68.1,0.0,1440.0,0.0,0.0,0.0,0.0,ubiquitin-like modifier-activating enzyme 1 [Nephila pilipes],,"38C42@33154,3BF55@33208,3CS9T@33213,41XDH@6656,COG0476@1,KOG2012@2759","E1_4HB,E1_FCCH,E1_UFD,ThiF,UBA_e1_thiolCys",0.0,0.0,Toll Signaling Pathway,Toll Intracellular Cascade,MyD88 / Cactus / Dorsal,No
,GFT76478.1,,,,,,,126957.SMAR015487-PA,40.9,2.0299999999999998e-48,168.0,0.0,0.0,0.0,0.0,techylectin-5A [Nephila pilipes],,"38D9J@33154,3BAVE@33208,3CSRR@33213,422G4@6656,KOG2579@1,KOG2579@2759",Fibrinogen_C,0.0,0.0,Pathogen Recognition,C-type Lectins (CTL),Carbohydrate Pattern Recognition,No
,GFT77552.1,,,,,,,6326.BUX.s00351.25,54.5,5.46e-22,97.8,0.0,0.0,0.0,0.0,neurogenic differentiation factor 1 [Nephila pilipes],,"1KX7I@119089,396W1@33154,3BI1A@33208,3CW4U@33213,40EXV@6231,KOG3898@1,KOG3898@2759","HLH,Neuro_bHLH",0.0,0.0,Toll Signaling Pathway,Toll Intracellular Cascade,MyD88 / Cactus / Dorsal,No
,GFT80227.1,,,,,,,126957.SMAR004491-PA,30.4,8.66e-83,293.0,0.0,0.0,0.0,0.0,toll-like receptor 2 [Nephila pilipes],,"38EYJ@33154,3BIA8@33208,3CVNH@33213,41VZE@6656,COG4886@1,KOG4641@2759","LRR_8,TIR",0.0,0.0,Toll Signaling Pathway,Toll Receptors (TLR),Transmembrane Signaling,No
,GFT82006.1,,ko:K06832,,,,"ko04516,ko04131,ko00000,ko04091",7739.XP_002610290.1,38.5,2.9700000000000003e-72,235.0,0.0,0.0,0.0,0.0,galectin-4 [Nephila pilipes],,"38F0D@33154,3BAQ8@33208,3D0B9@33213,484S4@7711,KOG3587@1,KOG3587@2759",Gal-bind_lectin,0.0,0.0,Pathogen Recognition,C-type Lectins (CTL),Carbohydrate Pattern Recognition,No
,GFT82010.1,,ko:K06832,,,,"ko04516,ko04131,ko00000,ko04091",7739.XP_002610290.1,41.0,1.17e-76,246.0,0.0,0.0,0.0,0.0,galectin-4 [Nephila pilipes],,"38F0D@33154,3BAQ8@33208,3D0B9@33213,484S4@7711,KOG3587@1,KOG3587@2759",Gal-bind_lectin,0.0,0.0,Pathogen Recognition,C-type Lectins (CTL),Carbohydrate Pattern Recognition,No
,GFT82011.1,,ko:K06832,,,,"ko04516,ko04131,ko00000,ko04091",7739.XP_002610290.1,40.4,1.81e-73,237.0,0.0,0.0,0.0,0.0,galectin-4 [Nephila pilipes],,"38F0D@33154,3BAQ8@33208,3D0B9@33213,484S4@7711,KOG3587@1,KOG3587@2759",Gal-bind_lectin,0.0,0.0,Pathogen Recognition,C-type Lectins (CTL),Carbohydrate Pattern Recognition,No
,GFT82744.1,L798_00954,,,,,,136037.KDR09386,63.3,2.59e-119,349.0,0.0,0.0,0.0,0.0,malectin [Nephila pilipes],,"38DV4@33154,3BBWY@33208,3CT8I@33213,3SIY6@50557,41THV@6656,KOG3593@1,KOG3593@2759",Malectin,0.0,0.0,Pathogen Recognition,C-type Lectins (CTL),Carbohydrate Pattern Recognition,No
,GFT83096.1,,,,,,,126957.SMAR003660-PA,53.7,4.42e-49,173.0,0.0,0.0,0.0,0.0,techylectin-5B [Nephila pilipes],,"38H7K@33154,3BHN9@33208,3DGP2@33213,41TX5@6656,KOG2579@1,KOG2579@2759",Fibrinogen_C,0.0,0.0,Pathogen Recognition,C-type Lectins (CTL),Carbohydrate Pattern Recognition,No
,GFT83261.1,WP0446,ko:K06908,,,,ko00000,570417.WP0446,93.5,1.85e-110,318.0,0.0,0.0,0.0,0.0,tail tube protein [Nephila pilipes],,"1Q8HB@1224,2UACK@28211,47FBS@766,COG3498@1,COG3498@2",Phage_tube,0.0,0.0,Toll Signaling Pathway,Toll Intracellular Cascade,MyD88 / Cactus / Dorsal,No
,GFT84430.1,U27_05483,,,,,,1499967.BAYZ01000097_gene4350,39.8,9.500000000000001e-71,233.0,0.0,0.0,0.0,0.0,serpin B10 [Nephila pilipes],,"2NQVB@2323,COG4826@1,COG4826@2",Serpin,0.0,0.0,Melanization & Coagulation,Serpin Inhibitors,Protease Cascade Control,No
,GFT84433.1,U27_05483,,,,,,1499967.BAYZ01000097_gene4350,40.8,8.48e-74,242.0,0.0,0.0,0.0,0.0,leukocyte elastase inhibitor [Nephila pilipes],,"2NQVB@2323,COG4826@1,COG4826@2",Serpin,0.0,0.0,Melanization & Coagulation,Serpin Inhibitors,Protease Cascade Control,No
,GFT84436.1,U27_05483,,,,,,1499967.BAYZ01000097_gene4350,40.4,7.620000000000002e-72,237.0,0.0,0.0,0.0,0.0,serpin B10 [Nephila pilipes],,"2NQVB@2323,COG4826@1,COG4826@2",Serpin,0.0,0.0,Melanization & Coagulation,Serpin Inhibitors,Protease Cascade Control,No
,GFT87454.1,GG10943,,,,,,7220.FBpp0129489,54.1,9.44e-14,79.0,0.0,0.0,0.0,0.0,toll-like receptor 8 [Nephila pilipes],,"39WCK@33154,3BK6F@33208,3CUV8@33213,3SJWW@50557,41WS7@6656,44X0C@7147,45R38@7214,COG0443@1,KOG0101@2759",HSP70,0.0,0.0,Toll Signaling Pathway,Toll Receptors (TLR),Transmembrane Signaling,No
,GFT88889.1,,,,,,,69319.XP_008545709.1,64.1,7.65e-178,509.0,0.0,0.0,0.0,0.0,oxygen-dependent coproporphyrinogen-III oxidase [Nephila pilipes],,"38BVF@33154,3BDJW@33208,3CV5T@33213,3SII9@50557,41U5I@6656,46ES5@7399,COG0408@1,KOG1518@2759",Coprogen_oxidas,0.0,0.0,Melanization & Coagulation,Prophenoloxidase (ProPO),Melanin Synthesis & Encapsulation,No
,GFT89635.1,,,,,,,7955.ENSDARP00000117174,61.4,2.17e-27,104.0,0.0,0.0,0.0,0.0,"techylectin-5B, partial [Nephila pilipes]",,"38H7K@33154,3BHN9@33208,3CS96@33213,4831W@7711,495Z2@7742,KOG2579@1,KOG2579@2759",Fibrinogen_C,0.0,0.0,Pathogen Recognition,C-type Lectins (CTL),Carbohydrate Pattern Recognition,No
,GFT91681.1,SERPINB6,,,,,,132908.ENSPVAP00000009428,33.5,2.72e-30,122.0,0.0,0.0,0.0,0.0,serpin B6 [Nephila pilipes],,"38VR6@33154,3BBFJ@33208,3CV81@33213,3JBGC@40674,48177@7711,49259@7742,4KWJI@9397,COG4826@1,KOG2392@2759",Serpin,0.0,0.0,Melanization & Coagulation,Serpin Inhibitors,Protease Cascade Control,No
,GFT92570.1,,,,,,,126957.SMAR012852-PA,59.3,2.48e-23,102.0,0.0,0.0,0.0,0.0,"techylectin-like protein, partial [Nephila pilipes]",,"38D9J@33154,3BAVE@33208,3CSRR@33213,422G4@6656,KOG2579@1,KOG2579@2759",Fibrinogen_C,0.0,0.0,Pathogen Recognition,C-type Lectins (CTL),Carbohydrate Pattern Recognition,No
,GFT93013.1,,,,,,,10141.ENSCPOP00000009829,42.9,1.95e-28,115.0,0.0,0.0,0.0,0.0,serpin B8 [Nephila pilipes],,"35VKP@314146,38VR6@33154,3B998@33208,3E41S@33213,3JNE1@40674,48QRN@7711,49MBE@7742,4Q9ZN@9989,COG4826@1,KOG2392@2759",Serpin,0.0,0.0,Melanization & Coagulation,Serpin Inhibitors,Protease Cascade Control,No
,GFT93269.1,107369064,ko:K13963,"ko05146,map05146",,,"ko00001,ko00000",32264.tetur30g02180.1,39.2,5.5e-12,70.9,0.0,0.0,0.0,0.0,"leukocyte elastase inhibitor A, partial [Nephila pilipes]",,"38VR6@33154,3B998@33208,3E41S@33213,COG4826@1,KOG2392@2759",Serpin,0.0,0.0,Melanization & Coagulation,Serpin Inhibitors,Protease Cascade Control,No
,GFT96898.1,,,,,,,7739.XP_002595339.1,32.2,1.29e-12,75.1,0.0,0.0,0.0,0.0,c-type lectin domain-containing protein [Nephila pilipes],,"39Z2X@33154,3BNS0@33208,KOG4297@1,KOG4297@2759","EGF,Lectin_C",0.0,0.0,Pathogen Recognition,C-type Lectins (CTL),Carbohydrate Pattern Recognition,No
,GFU00236.1,,,,,,,7739.XP_002593669.1,54.3,2.17e-74,234.0,0.0,0.0,0.0,0.0,techylectin-5A [Nephila pilipes],,"38D9J@33154,3BAVE@33208,3CSRR@33213,47ZAC@7711,KOG2579@1,KOG2579@2759",Fibrinogen_C,0.0,0.0,Pathogen Recognition,C-type Lectins (CTL),Carbohydrate Pattern Recognition,No
,GFU00907.1,,,,,,,9315.ENSMEUP00000004210,42.1,5.36e-48,176.0,0.0,0.0,0.0,0.0,techylectin-5A [Nephila pilipes],,"38D9J@33154,3BAVE@33208,3CSRR@33213,3JCEH@40674,47ZAC@7711,48YT6@7742,4K3JM@9263,KOG2579@1,KOG2579@2759",Fibrinogen_C,0.0,0.0,Pathogen Recognition,C-type Lectins (CTL),Carbohydrate Pattern Recognition,No
,GFU01151.1,,,,,,,126957.SMAR013388-PA,30.6,5.85e-71,236.0,0.0,0.0,0.0,0.0,leukocyte elastase inhibitor [Nephila pilipes],,"38VR6@33154,3BBFJ@33208,3CV81@33213,41V6N@6656,COG4826@1,KOG2392@2759",Serpin,0.0,0.0,Melanization & Coagulation,Serpin Inhibitors,Protease Cascade Control,No
,GFU01521.1,,,,,,,7955.ENSDARP00000117174,61.4,1.08e-27,105.0,0.0,0.0,0.0,0.0,"techylectin-5B, partial [Nephila pilipes]",,"38H7K@33154,3BHN9@33208,3CS96@33213,4831W@7711,495Z2@7742,KOG2579@1,KOG2579@2759",Fibrinogen_C,0.0,0.0,Pathogen Recognition,C-type Lectins (CTL),Carbohydrate Pattern Recognition,No
,GFU02013.1,107361402,,,,,,32264.tetur06g00500.1,71.2,2.93e-59,202.0,0.0,0.0,0.0,0.0,neural proliferation differentiation and control protein 1 [Nephila pilipes],,"3A464@33154,3BRF7@33208,3D87N@33213,41ZYZ@6656,KOG3884@1,KOG3884@2759",NPDC1,0.0,0.0,Toll Signaling Pathway,Toll Intracellular Cascade,MyD88 / Cactus / Dorsal,No
,GFU02086.1,,,,,,,885580.XP_010643185.1,28.9,2.33e-37,147.0,0.0,0.0,0.0,0.0,serpin B5 [Nephila pilipes],,"35BIR@314146,38VR6@33154,3BBFJ@33208,3CV81@33213,3JCVT@40674,482SZ@7711,496G1@7742,4PZIR@9989,COG4826@1,KOG2392@2759",Serpin,0.0,0.0,Melanization & Coagulation,Serpin Inhibitors,Protease Cascade Control,No
,GFU02512.1,,,,,,,6500.XP_005112697.1,87.7,1.39e-108,313.0,0.0,0.0,0.0,0.0,ubiquitin-fold modifier-conjugating enzyme 1 [Nephila pilipes],,"39FC1@33154,3B9BY@33208,3CTC0@33213,KOG3357@1,KOG3357@2759",UFC1,0.0,0.0,Toll Signaling Pathway,Toll Intracellular Cascade,MyD88 / Cactus / Dorsal,No
,GFU03284.1,,,,,,,9913.ENSBTAP00000003805,44.3,1.82e-31,120.0,0.0,0.0,0.0,0.0,serpin B10 [Nephila pilipes],,"38VR6@33154,3BBFJ@33208,3CV81@33213,3JCVT@40674,482SZ@7711,496G1@7742,4J9MM@91561,COG4826@1,KOG2392@2759",Serpin,0.0,0.0,Melanization & Coagulation,Serpin Inhibitors,Protease Cascade Control,No
,GFU03856.1,,ko:K10104,,,,"ko04516,ko00000,ko04091",7739.XP_002600315.1,41.3,5.56e-51,174.0,0.0,0.0,0.0,0.0,techylectin-5A [Nephila pilipes],,"38D9J@33154,3BAVE@33208,3CSRR@33213,47ZAC@7711,KOG2579@1,KOG2579@2759",Fibrinogen_C,0.0,0.0,Pathogen Recognition,C-type Lectins (CTL),Carbohydrate Pattern Recognition,No
,GFU07119.1,,,,,,,32264.tetur03g09180.1,52.0,1.81e-69,218.0,0.0,0.0,0.0,0.0,"p-selectin, partial [Nephila pilipes]",,"38EM6@33154,3BNDJ@33208,3CYP3@33213,41XUZ@6656,KOG4297@1,KOG4297@2759",Sushi,0.0,0.0,Pathogen Recognition,C-type Lectins (CTL),Carbohydrate Pattern Recognition,No
,GFU10352.1,,ko:K10104,,,,"ko04516,ko00000,ko04091",7739.XP_002593672.1,51.1,6.07e-73,230.0,0.0,0.0,0.0,0.0,techylectin-5A [Nephila pilipes],,"38D9J@33154,3BAVE@33208,3CSRR@33213,47ZAC@7711,KOG2579@1,KOG2579@2759",Fibrinogen_C,0.0,0.0,Pathogen Recognition,C-type Lectins (CTL),Carbohydrate Pattern Recognition,No
,GFU11235.1,Lphn2,ko:K04593,,,,"ko04030,ko00000",10029.XP_007624258.1,24.4,7.21e-06,60.5,0.0,0.0,0.0,0.0,c-type lectin domain-containing protein [Nephila pilipes],,"35DAC@314146,38D0U@33154,3BCMA@33208,3CRTM@33213,3J8TI@40674,489KM@7711,496HG@7742,4Q6ZS@9989,KOG3545@1,KOG3545@2759,KOG4193@1,KOG4193@2759,KOG4729@1,KOG4729@2759","7tm_2,GAIN,GPS,Gal_Lectin,HRM,Latrophilin,OLF",0.0,0.0,Pathogen Recognition,C-type Lectins (CTL),Carbohydrate Pattern Recognition,No
,GFU11952.1,,,,,,,7739.XP_002604306.1,56.5,5.51e-08,58.9,0.0,0.0,0.0,0.0,"techylectin-5A, partial [Nephila pilipes]",,"38D9J@33154,3BAVE@33208,3CSRR@33213,47ZAC@7711,KOG2579@1,KOG2579@2759,KOG3592@1,KOG3592@2759",Fibrinogen_C,0.0,0.0,Pathogen Recognition,C-type Lectins (CTL),Carbohydrate Pattern Recognition,No
,GFU16317.1,,,,,,,10160.XP_004638310.1,40.3,3.52e-63,216.0,0.0,0.0,0.0,0.0,serpin B8 [Nephila pilipes],,"35VKP@314146,38VR6@33154,3B998@33208,3E41S@33213,3JNE1@40674,48QRN@7711,49MBE@7742,4Q9ZN@9989,COG4826@1,KOG2392@2759",Serpin,0.0,0.0,Melanization & Coagulation,Serpin Inhibitors,Protease Cascade Control,No
,GFU16645.1,,,,,,,126957.SMAR004491-PA,29.9,1.32e-79,281.0,0.0,0.0,0.0,0.0,toll-like receptor 2 [Nephila pilipes],,"38EYJ@33154,3BIA8@33208,3CVNH@33213,41VZE@6656,COG4886@1,KOG4641@2759","LRR_8,TIR",0.0,0.0,Toll Signaling Pathway,Toll Receptors (TLR),Transmembrane Signaling,No
,GFU16649.1,,,,,,,126957.SMAR004491-PA,29.9,1.25e-79,281.0,0.0,0.0,0.0,0.0,toll-like receptor 2 [Nephila pilipes],,"38EYJ@33154,3BIA8@33208,3CVNH@33213,41VZE@6656,COG4886@1,KOG4641@2759","LRR_8,TIR",0.0,0.0,Toll Signaling Pathway,Toll Receptors (TLR),Transmembrane Signaling,No
,GFU20383.1,U27_05483,,,,,,1499967.BAYZ01000097_gene4350,40.4,7.620000000000002e-72,237.0,0.0,0.0,0.0,0.0,serpin B10 [Nephila pilipes],,"2NQVB@2323,COG4826@1,COG4826@2",Serpin,0.0,0.0,Melanization & Coagulation,Serpin Inhibitors,Protease Cascade Control,No
,GFU20384.1,U27_05483,,,,,,1499967.BAYZ01000097_gene4350,40.8,8.48e-74,242.0,0.0,0.0,0.0,0.0,leukocyte elastase inhibitor [Nephila pilipes],,"2NQVB@2323,COG4826@1,COG4826@2",Serpin,0.0,0.0,Melanization & Coagulation,Serpin Inhibitors,Protease Cascade Control,No
,GFU20388.1,U27_05483,,,,,,1499967.BAYZ01000097_gene4350,39.8,9.500000000000001e-71,233.0,0.0,0.0,0.0,0.0,serpin B10 [Nephila pilipes],,"2NQVB@2323,COG4826@1,COG4826@2",Serpin,0.0,0.0,Melanization & Coagulation,Serpin Inhibitors,Protease Cascade Control,No
,GFU23202.1,,,,,,,7739.XP_002593668.1,54.3,3.1200000000000004e-21,92.8,0.0,0.0,0.0,0.0,techylectin-5A [Nephila pilipes],,"38D9J@33154,3BAVE@33208,3CSRR@33213,47ZAC@7711,KOG2579@1,KOG2579@2759",Fibrinogen_C,0.0,0.0,Pathogen Recognition,C-type Lectins (CTL),Carbohydrate Pattern Recognition,No
,GFU26473.1,,,,,,,7739.XP_002593669.1,52.5,9.16e-71,222.0,0.0,0.0,0.0,0.0,techylectin-5A [Nephila pilipes],,"38D9J@33154,3BAVE@33208,3CSRR@33213,47ZAC@7711,KOG2579@1,KOG2579@2759",Fibrinogen_C,0.0,0.0,Pathogen Recognition,C-type Lectins (CTL),Carbohydrate Pattern Recognition,No
,GFU26840.1,,,,,,,7213.XP_004531555.1,69.1,3.96e-41,154.0,0.0,0.0,0.0,0.0,dorsal root ganglia homeobox protein [Nephila pilipes],,"38E3E@33154,3B9E5@33208,3CWXY@33213,3SKBN@50557,41XXR@6656,44ZAP@7147,KOG0490@1,KOG0490@2759",Homeobox,0.0,0.0,Toll Signaling Pathway,Toll Intracellular Cascade,MyD88 / Cactus / Dorsal,No
,GFU30887.1,,,,,,,7739.XP_002593666.1,52.2,1.59e-76,242.0,0.0,0.0,0.0,0.0,techylectin-5A [Nephila pilipes],,"38D9J@33154,3BAVE@33208,3CSRR@33213,47ZAC@7711,KOG2579@1,KOG2579@2759",Fibrinogen_C,0.0,0.0,Pathogen Recognition,C-type Lectins (CTL),Carbohydrate Pattern Recognition,No
,GFU30888.1,,,,,,,7739.XP_002604306.1,54.3,6.11e-43,155.0,0.0,0.0,0.0,0.0,"techylectin-5A, partial [Nephila pilipes]",,"38D9J@33154,3BAVE@33208,3CSRR@33213,47ZAC@7711,KOG2579@1,KOG2579@2759,KOG3592@1,KOG3592@2759",Fibrinogen_C,0.0,0.0,Pathogen Recognition,C-type Lectins (CTL),Carbohydrate Pattern Recognition,No
,GFU34083.1,,,,,,,9913.ENSBTAP00000003805,44.0,2.72e-35,130.0,0.0,0.0,0.0,0.0,serpin B10 [Nephila pilipes],,"38VR6@33154,3BBFJ@33208,3CV81@33213,3JCVT@40674,482SZ@7711,496G1@7742,4J9MM@91561,COG4826@1,KOG2392@2759",Serpin,0.0,0.0,Melanization & Coagulation,Serpin Inhibitors,Protease Cascade Control,No
,GFU35560.1,,,,,,,126957.SMAR007397-PA,42.5,7.85e-270,811.0,0.0,0.0,0.0,0.0,tectonin beta-propeller repeat-containing protein 1 [Nephila pilipes],,"38G4K@33154,3BE21@33208,3CUCC@33213,41TRH@6656,KOG0686@1,KOG0686@2759,KOG3669@1,KOG3669@2759","Hyd_WA,PCI,Pex24p,RPN7",0.0,0.0,Toll Signaling Pathway,Toll Intracellular Cascade,MyD88 / Cactus / Dorsal,No
,GFU37342.1,,,,,,,32264.tetur03g09180.1,50.0,1.18e-56,184.0,0.0,0.0,0.0,0.0,"p-selectin, partial [Nephila pilipes]",,"38EM6@33154,3BNDJ@33208,3CYP3@33213,41XUZ@6656,KOG4297@1,KOG4297@2759",Sushi,0.0,0.0,Pathogen Recognition,C-type Lectins (CTL),Carbohydrate Pattern Recognition,No
,GFU37417.1,,,,,,,7739.XP_002609404.1,42.0,9.24e-55,188.0,0.0,0.0,0.0,0.0,techylectin-5A [Nephila pilipes],,"38H7K@33154,3BHN9@33208,3CS96@33213,4831W@7711,KOG2579@1,KOG2579@2759",Fibrinogen_C,0.0,0.0,Pathogen Recognition,C-type Lectins (CTL),Carbohydrate Pattern Recognition,No
,GFU39182.1,,,,,,,7739.XP_002593664.1,45.6,1.6e-51,173.0,0.0,0.0,0.0,0.0,techylectin-5A [Nephila pilipes],,"38D9J@33154,3BAVE@33208,3CSRR@33213,47ZAC@7711,KOG2579@1,KOG2579@2759",Fibrinogen_C,0.0,0.0,Pathogen Recognition,C-type Lectins (CTL),Carbohydrate Pattern Recognition,No
,GFU39843.1,,,,,,,7955.ENSDARP00000117174,61.4,1.08e-27,105.0,0.0,0.0,0.0,0.0,"techylectin-5B, partial [Nephila pilipes]",,"38H7K@33154,3BHN9@33208,3CS96@33213,4831W@7711,495Z2@7742,KOG2579@1,KOG2579@2759",Fibrinogen_C,0.0,0.0,Pathogen Recognition,C-type Lectins (CTL),Carbohydrate Pattern Recognition,No
,GFU40039.1,SERPINB8,ko:K13965,,,,ko00000,61853.ENSNLEP00000010966,40.3,7.7200000000000015e-22,97.1,0.0,0.0,0.0,0.0,"serpin B8, partial [Nephila pilipes]",,"35MYP@314146,39YXT@33154,3BN1U@33208,3CZYU@33213,3J8G9@40674,487CU@7711,498W1@7742,4MIN2@9443,COG4826@1,KOG2392@2759",Serpin,0.0,0.0,Melanization & Coagulation,Serpin Inhibitors,Protease Cascade Control,No
,GFU40195.1,,ko:K10104,,,,"ko04516,ko00000,ko04091",7739.XP_002593672.1,52.9,1.19e-78,245.0,0.0,0.0,0.0,0.0,techylectin-5A [Nephila pilipes],,"38D9J@33154,3BAVE@33208,3CSRR@33213,47ZAC@7711,KOG2579@1,KOG2579@2759",Fibrinogen_C,0.0,0.0,Pathogen Recognition,C-type Lectins (CTL),Carbohydrate Pattern Recognition,No
,GFU40889.1,,ko:K13963,"ko05146,map05146",,,"ko00001,ko00000",7739.XP_002593781.1,37.5,2.24e-66,224.0,0.0,0.0,0.0,0.0,leukocyte elastase inhibitor [Nephila pilipes],,"38VR6@33154,3BBFJ@33208,3CV81@33213,48177@7711,COG4826@1,KOG2392@2759",Serpin,0.0,0.0,Melanization & Coagulation,Serpin Inhibitors,Protease Cascade Control,No
,GFU40894.1,Serpinb3a,ko:K13963,"ko05146,map05146",,,"ko00001,ko00000",10090.ENSMUSP00000027567,37.9,4.4100000000000003e-72,236.0,0.0,0.0,0.0,0.0,leukocyte elastase inhibitor [Nephila pilipes],,"35BIR@314146,38VR6@33154,3BBFJ@33208,3CV81@33213,3JCVT@40674,482SZ@7711,496G1@7742,4PZIR@9989,COG4826@1,KOG2392@2759",Serpin,0.0,0.0,Melanization & Coagulation,Serpin Inhibitors,Protease Cascade Control,No
,GFU42216.1,,ko:K12160,"ko03013,map03013,ko05418,map05418",M00427,,"ko03029,ko04812,ko03019,ko04121,ko00001,ko00000,ko00002",6669.EFX73744,92.4,1.3e-52,166.0,0.0,0.0,0.0,0.0,small ubiquitin-related modifier [Nephila pilipes],,"3A3FU@33154,3BV33@33208,3E4V5@33213,41ZSU@6656,COG5227@1,KOG1769@2759",Rad60-SLD,0.0,0.0,Toll Signaling Pathway,Toll Intracellular Cascade,MyD88 / Cactus / Dorsal,No
,GFU42218.1,,,,,,,126957.SMAR010026-PA,91.6,1.55e-52,166.0,0.0,0.0,0.0,0.0,small ubiquitin-related modifier [Nephila pilipes],,"3A3FU@33154,3BV33@33208,3E4V5@33213,41ZSU@6656,COG5227@1,KOG1769@2759",Rad60-SLD,0.0,0.0,Toll Signaling Pathway,Toll Intracellular Cascade,MyD88 / Cactus / Dorsal,No
,GFU42282.1,,,,,,,126957.SMAR012852-PA,59.3,2.43e-24,101.0,0.0,0.0,0.0,0.0,"techylectin-like protein, partial [Nephila pilipes]",,"38D9J@33154,3BAVE@33208,3CSRR@33213,422G4@6656,KOG2579@1,KOG2579@2759",Fibrinogen_C,0.0,0.0,Pathogen Recognition,C-type Lectins (CTL),Carbohydrate Pattern Recognition,No
,GFU45950.1,AND_001469,,,,,,43151.ADAC001469-PA,34.1,2.41e-15,79.0,0.0,0.0,0.0,0.0,"serpin B8, partial [Nephila pilipes]",,"38VR6@33154,3BBFJ@33208,3CT79@33213,3SR0J@50557,422CB@6656,44YMX@7147,45FCD@7148,COG4826@1,KOG2392@2759",Serpin,0.0,0.0,Melanization & Coagulation,Serpin Inhibitors,Protease Cascade Control,No
,GFU46084.1,AFZ20185.1,ko:K13963,"ko05146,map05146",,,"ko00001,ko00000",1173027.Mic7113_4497,32.7,4.32e-17,84.7,0.0,0.0,0.0,0.0,"serpin B10, partial [Nephila pilipes]",,"1G29E@1117,1H9A9@1150,COG4826@1,COG4826@2",Serpin,0.0,0.0,Melanization & Coagulation,Serpin Inhibitors,Protease Cascade Control,No
,GFU46087.1,,ko:K13963,"ko05146,map05146",,,"ko00001,ko00000",72004.XP_005908943.1,38.4,3.0399999999999998e-55,191.0,0.0,0.0,0.0,0.0,serpin B4 [Nephila pilipes],,"38VR6@33154,3BBFJ@33208,3CV81@33213,3JCVT@40674,482SZ@7711,496G1@7742,4J9MM@91561,COG4826@1,KOG2392@2759",Serpin,0.0,0.0,Melanization & Coagulation,Serpin Inhibitors,Protease Cascade Control,No
,GFU46915.1,TLR8,,,,,,9315.ENSMEUP00000014999,43.5,3.65e-06,57.0,0.0,0.0,0.0,0.0,"protein slit, partial [Nephila pilipes]",,"39SQ6@33154,3BK5W@33208,3D0IN@33213,3J807@40674,482E6@7711,497EB@7742,4K1TK@9263,COG4886@1,KOG4641@2759","LRR_1,LRR_8,TIR",0.0,0.0,Toll Signaling Pathway,Toll Receptors (TLR),Transmembrane Signaling,No
,GFU56967.1,,ko:K13885,"map04979,ko04975,map05160,ko04977,ko04976,ko04913,ko04145,map04976,map04977,ko04979,map04975,ko04934,map04925,ko04927,map04927,ko04925,map04145,map04913,map04934,ko05160",,,"ko04131,ko04147,ko00001,ko00000",6669.EFX89326,40.8,4.33e-106,332.0,0.0,0.0,0.0,0.0,scavenger receptor class B member 1 [Nephila pilipes],,"38CP8@33154,3BJ5B@33208,3D52Y@33213,41WZ2@6656,KOG3776@1,KOG3776@2759",CD36,0.0,0.0,Pathogen Recognition,Scavenger Receptors,Cellular Clearance & Uptake,No
,GFU56970.1,,ko:K13885,"map04979,ko04975,map05160,ko04977,ko04976,ko04913,ko04145,map04976,map04977,ko04979,map04975,ko04934,map04925,ko04927,map04927,ko04925,map04145,map04913,map04934,ko05160",,,"ko04131,ko04147,ko00001,ko00000",6669.EFX89326,40.8,1.8899999999999999e-106,332.0,0.0,0.0,0.0,0.0,scavenger receptor class B member 1 [Nephila pilipes],,"38CP8@33154,3BJ5B@33208,3D52Y@33213,41WZ2@6656,KOG3776@1,KOG3776@2759",CD36,0.0,0.0,Pathogen Recognition,Scavenger Receptors,Cellular Clearance & Uptake,No
,GFU57873.1,,ko:K13963,"ko05146,map05146",,,"ko00001,ko00000",9986.ENSOCUP00000009073,33.8,3.07e-13,72.8,0.0,0.0,0.0,0.0,serpin B6 [Nephila pilipes],,"35BIR@314146,38VR6@33154,3BBFJ@33208,3CV81@33213,3JCVT@40674,482SZ@7711,496G1@7742,COG4826@1,KOG2392@2759",Serpin,0.0,0.0,Melanization & Coagulation,Serpin Inhibitors,Protease Cascade Control,No
,GFU57875.1,serpina1l,ko:K04525,,,,ko00000,7955.ENSDARP00000127700,33.1,4.7e-08,58.5,0.0,0.0,0.0,0.0,serpin B6 [Nephila pilipes],,"38BQD@33154,3BGRB@33208,3CV0W@33213,47Z2V@7711,48UVT@7742,49TKZ@7898,COG4826@1,KOG2392@2759",Serpin,0.0,0.0,Melanization & Coagulation,Serpin Inhibitors,Protease Cascade Control,No
