"","NPFM1","NPFM2","NPFM3","NPFM4"
"NPIL_80394",8.87210444443382,99.0213181323155,0,0
"NPIL_80395",0,0,0,0
"NPIL_80396",0,0,0,0
"NPIL_80397",0,0,0,0
"NPIL_80159",3.62094722025479,4.59241978970544,7.21715244334324,17.5049906783007
"NPIL_80160",0,0,0,0
"NPIL_80161",0,2.502343779517,0,0
"NPIL_80398",0,0,20.921425264698,0
"NPIL_80399",0,0,0,0
"NPIL_80400",0,0,0,0
"NPIL_80401",0,0,0,0
"NPIL_80402",0,0,0,0
"NPIL_80403",0,0,0,0
"NPIL_80404",0,0,0,0
"NPIL_80266",29.7573689440637,27.6767659376037,18.4524371899821,39.2228403513244
"NPIL_80267",0,0,0,0
"NPIL_80268",0,0,0,0
"NPIL_80405",0,0,0,0
"NPIL_80406",0,0,0,0
"NPIL_80407",0,0,0,0
"NPIL_80408",0,0,0,0
"NPIL_80409",0,0,0,0
"NPIL_80410",0,0,0,0
"NPIL_80418",0,0,0,0
"NPIL_80417",0,0,0,0
"NPIL_80416",0,0,0,0
"NPIL_80415",0,0,0,0
"NPIL_80414",0,0,0,0
"NPIL_80413",0,0,41.2616998275988,0
"NPIL_80411",0,28.1006443348463,60.2197781267658,0
"NPIL_80412",0,0,20.6308499137994,0
"NPIL_80419",0,0,41.2616998275988,0
"NPIL_80422",20.7015770370122,0,61.8925497413981,0
"NPIL_80421",0,0,20.6308499137994,42.3411312987956
"NPIL_80420",0,57.762435577184,41.2616998275988,0
"NPIL_80423",0,0,0,0
"NPIL_80424",0,0,0,0
"NPIL_80427",0,0,0,0
"NPIL_80426",0,0,0,0
"NPIL_80425",0,0,0,0
"NPIL_80293",0,0,0,0
"NPIL_80151",89.9092288801727,24.166243108108,24.6611155582771,107.129857386881
"NPIL_80152",3477.09225505027,46.0841826611126,1088.07679980834,2360.50160757065
"NPIL_80153",0,0,0,0
"NPIL_80154",9.00310195972076,13.9560247032122,1.99385395140075,2.04601439833106
"NPIL_80428",0,0,0,0
"NPIL_80429",0,0,0,0
"NPIL_80430",0,0,0,0
"NPIL_80431",0,0,17.6835856403995,0
"NPIL_80432",0,0,264.527061908441,0
"NPIL_80433",0,0,406.964710628371,0
"NPIL_80434",0,0,0,0
"NPIL_80435",0,148.531977198473,141.468685123196,0
"NPIL_80436",0,0,0,0
"NPIL_80437",0,0,0,0
"NPIL_80279",0,0,0,0
"NPIL_80280",0,0,0,0
"NPIL_80281",0,0,0,0
"NPIL_80438",0,0,0,0
"NPIL_80439",0,0,0,0
"NPIL_80440",0,85.456754004601,142.43764871993,0
"NPIL_80441",0,58.5759910078486,0,0
"NPIL_80289",5.58663248375143,0,13.3621096892974,4.57055690181902
"NPIL_80442",0,0,0,0
"NPIL_80446",0,0,20.6308499137994,0
"NPIL_80445",0,0,0,0
"NPIL_80444",0,0,0,0
"NPIL_80443",0,0,0,0
"NPIL_80447",0,0,0,0
"NPIL_80448",0,0,0,0
"NPIL_80201",0,0,0,0
"NPIL_80449",0,0,0,0
"NPIL_80292",0,0,0,0
"NPIL_80450",0,0,0,0
"NPIL_80452",0,0,0,0
"NPIL_80451",0,0,0,0
"NPIL_80453",0,0,552.27198230786,0
"NPIL_80455",0,0,0,0
"NPIL_80454",0,0,0,0
"NPIL_80456",0,0,0,0
"NPIL_80457",0,0,0,0
"NPIL_80458",0,0,35.3671712807989,0
"NPIL_80215",0,0,26.7643458341181,0
"NPIL_80459",0,0,0,0
"NPIL_80460",0,0,20.3482355314186,0
"NPIL_80461",0,0,0,0
"NPIL_80463",0,0,0,0
"NPIL_80462",0,57.762435577184,0,0
"NPIL_80464",0,0,0,0
"NPIL_80465",0,0,40.6964710628371,0
"NPIL_80466",0,0,20.921425264698,0
"NPIL_80467",0,0,0,0
"NPIL_80470",0,0,55.7032947672583,0
"NPIL_80469",0,0,0,0
"NPIL_80468",0,0,20.3482355314186,0
"NPIL_80471",0,56.9711693364007,284.87529743986,0
"NPIL_80472",0,57.762435577184,0,0
"NPIL_80474",0,0,0,0
"NPIL_80473",0,28.4855846682003,0,0
"NPIL_80475",0,0,0,0
"NPIL_80476",0,0,0,0
"NPIL_80477",0,0,0,0
"NPIL_80478",0,0,206.308499137994,0
"NPIL_80479",0,0,0,0
"NPIL_80480",0,0,0,0
"NPIL_80481",0,0,0,0
"NPIL_80482",0,0,0,0
"NPIL_80493",0,0,0,0
"NPIL_80492",0,0,0,0
"NPIL_80491",0,0,0,0
"NPIL_80490",0,0,0,0
"NPIL_80489",0,0,0,0
"NPIL_80488",0,0,0,0
"NPIL_80487",0,0,0,0
"NPIL_80483",0,0,0,0
"NPIL_80484",0,0,0,0
"NPIL_80485",0,0,0,0
"NPIL_80486",0,0,0,0
"NPIL_80494",0,0,0,0
"NPIL_80495",0,0,18.5677649224194,0
"NPIL_80496",0,51.9861920194656,0,0
"NPIL_80497",0,0,0,0
"NPIL_80498",0,0,20.3482355314186,0
"NPIL_80499",0,0,0,0
"NPIL_80500",0,0,0,0
"NPIL_80501",0,0,101.741177657093,0
"NPIL_80502",0,0,0,0
"NPIL_80503",0,0,102.44284095128,0
"NPIL_80504",0,0,0,0
"NPIL_80249",0,0,116.503623042632,0
"NPIL_80505",0,0,0,0
"NPIL_80509",0,0,0,0
"NPIL_80508",0,0,0,0
"NPIL_80507",0,0,0,0
"NPIL_80506",0,0,0,0
"NPIL_80510",0,0,0,0
"NPIL_80512",0,0,0,0
"NPIL_80511",0,0,0,0
"NPIL_80174",0,0,0,0
"NPIL_80514",0,0,0,0
"NPIL_80513",0,56.9711693364007,61.0447065942557,0
"NPIL_80515",0,0,0,0
"NPIL_80516",0,0,40.1465187511772,0
"NPIL_80519",0,0,0,0
"NPIL_80518",0,0,0,0
"NPIL_80517",0,0,0,0
"NPIL_80520",0,0,0,0
"NPIL_80521",0,0,0,0
"NPIL_80522",0,29.2879955039243,0,0
"NPIL_80523",0,0,0,0
"NPIL_80524",0,0,0,0
"NPIL_80526",0,0,0,0
"NPIL_80525",0,0,0,0
"NPIL_80527",0,0,0,0
"NPIL_80529",0,0,0,0
"NPIL_80528",0,0,0,0
"NPIL_80539",0,86.643653365776,0,0
"NPIL_80538",0,0,0,0
"NPIL_80537",0,0,0,0
"NPIL_80530",0,0,0,0
"NPIL_80531",0,0,41.2616998275988,0
"NPIL_80532",0,0,0,0
"NPIL_80533",0,0,0,0
"NPIL_80534",0,0,20.0732593755886,0
"NPIL_80536",0,57.762435577184,41.2616998275988,0
"NPIL_80535",0,0,0,0
"NPIL_80540",0,0,0,0
"NPIL_80541",0,56.9711693364007,101.741177657093,0
"NPIL_80542",0,0,40.6964710628371,0
"NPIL_80543",0,0,0,0
"NPIL_80544",9.08849723576147,0,54.3446778217154,0
"NPIL_80220",660.040302369272,132.93766358408,43.2347125012677,533.973601784811
"NPIL_80545",0,0,0,0
"NPIL_80546",0,28.4855846682003,40.6964710628371,20.8805579007759
"NPIL_80547",0,56.9711693364007,122.089413188511,0
"NPIL_80548",0,28.4855846682003,40.6964710628371,0
"NPIL_80555",0,0,45.0127634482896,0
"NPIL_80554",0,0,183.134119782767,0
"NPIL_80553",0,0,0,0
"NPIL_80549",0,0,142.43764871993,0
"NPIL_80552",0,0,20.921425264698,0
"NPIL_80550",0,0,63.6609083054381,0
"NPIL_80551",0,0,0,0
"NPIL_80557",0,0,0,0
"NPIL_80556",0,0,0,0
"NPIL_80558",0,0,0,0
"NPIL_80559",0,0,0,0
"NPIL_80560",0,0,0,0
"NPIL_80561",0,0,0,0
"NPIL_80562",0,0,20.3482355314186,0
"NPIL_80563",0,0,0,0
"NPIL_80564",0,0,0,0
"NPIL_80565",0,0,0,0
"NPIL_80566",0,0,0,0
"NPIL_80567",0,0,0,0
"NPIL_80568",0,0,0,0
"NPIL_80569",0,0,0,0
"NPIL_80570",0,0,0,0
"NPIL_80257",81549.3931852218,9001.83196291752,3861.9604938774,1728.02463903268
"NPIL_80258",0,0,0,0
"NPIL_80571",0,0,60.2197781267658,0
"NPIL_80572",0,0,180.659334380297,0
"NPIL_80573",0,0,0,0
"NPIL_80574",0,0,0,0
"NPIL_80575",0,0,0,0
"NPIL_80576",0,0,0,0
"NPIL_80587",0,0,0,0
"NPIL_80586",0,0,0,0
"NPIL_80585",0,0,0,0
"NPIL_80584",0,0,20.921425264698,0
"NPIL_80577",0,0,0,0
"NPIL_80578",0,0,0,0
"NPIL_80579",0,0,0,0
"NPIL_80580",0,0,0,0
"NPIL_80583",0,0,0,0
"NPIL_80582",0,0,0,0
"NPIL_80581",0,0,0,0
"NPIL_80588",0,0,0,0
"NPIL_80590",0,0,20.0732593755886,0
"NPIL_80589",0,0,32.2917650824686,0
"NPIL_80592",0,0,212.203027684794,0
"NPIL_80591",0,0,17.6835856403995,0
"NPIL_80593",0,0,0,0
"NPIL_80594",0,0,0,0
"NPIL_80595",0,0,0,0
"NPIL_80596",0,0,20.921425264698,0
"NPIL_80599",0,0,0,0
"NPIL_80597",0,0,41.2616998275988,0
"NPIL_80598",0,0,0,0
"NPIL_80600",0,0,19.8056159172474,0
"NPIL_80601",0,0,0,0
"NPIL_80602",0,0,40.6964710628371,0
"NPIL_80603",0,0,0,0
"NPIL_80184",17.8033562518305,11.5524871154368,10.7280419551757,13.5491620156146
"NPIL_80185",10.5079588430821,5.6384156203325,20.9441166153104,11.5726302465255
"NPIL_80186",0,0,0,0
"NPIL_80187",287.532961826579,97.474110036498,46.4194123060486,36.6413636239577
"NPIL_80604",0,0,0,0
"NPIL_80605",0,0,180.659334380297,0
"NPIL_80606",0,0,361.318668760595,0
"NPIL_80607",0,0,481.758225014126,0
"NPIL_80608",0,0,0,0
"NPIL_80611",0,0,0,0
"NPIL_80609",0,0,0,0
"NPIL_80610",0,0,0,0
"NPIL_80612",20.4179937899299,0,0,0
"NPIL_80613",0,0,0,0
"NPIL_80182",0,0,0,0
"NPIL_80614",0,0,0,0
"NPIL_80618",0,0,90.5744630361924,0
"NPIL_80617",0,0,17.4755434563948,0
"NPIL_80616",0,0,36.229785214477,0
"NPIL_80615",0,0,90.5744630361924,0
"NPIL_80619",0,0,0,0
"NPIL_80620",0,28.881217788592,144.415949396596,0
"NPIL_80223",6.77506157574946,0,256.57275165525,0
"NPIL_80621",0,0,101.741177657093,0
"NPIL_80622",0,0,0,0
"NPIL_80624",0,0,0,0
"NPIL_80623",16.9376539393737,0,0,0
"NPIL_80625",0,0,40.1465187511772,0
"NPIL_80627",0,0,54.3446778217154,0
"NPIL_80626",0,0,36.229785214477,0
"NPIL_80628",0,57.762435577184,41.2616998275988,0
"NPIL_80629",0,0,0,0
"NPIL_80631",62.1047311110367,375.455831251696,2413.80943991453,169.364525195182
"NPIL_80630",0,0,1237.85099482796,21.1705656493978
"NPIL_80632",0,0,0,0
"NPIL_80633",0,0,0,0
"NPIL_80634",0,28.4855846682003,0,0
"NPIL_80635",0,0,0,0
"NPIL_80637",0,0,36.229785214477,0
"NPIL_80636",0,0,0,0
"NPIL_80638",0,0,0,0
"NPIL_80639",0,0,0,0
"NPIL_80259",19.8268625143216,13.016886890633,15.4973520479244,25.4444357100744
"NPIL_80640",41.4031540740245,57.762435577184,0,0
"NPIL_80641",0,0,17.2723394627158,0
"NPIL_80643",0,0,0,0
"NPIL_80642",0,0,0,42.3411312987956
"NPIL_80645",0,0,0,0
"NPIL_80644",0,0,0,0
"NPIL_80248",0,0,0,0
"NPIL_80646",0,0,0,0
"NPIL_80651",0,0,165.046799310395,0
"NPIL_80650",0,0,61.8925497413981,0
"NPIL_80649",0,0,845.864846465775,0
"NPIL_80648",0,0,20.6308499137994,0
"NPIL_80647",0,0,0,0
"NPIL_80652",0,0,35.3671712807989,0
"NPIL_80653",0,0,0,0
"NPIL_80654",0,0,0,0
"NPIL_80198",0,1819.5167206813,702.922529205879,0
"NPIL_80655",0,0,282.937370246391,0
"NPIL_80227",0,58.8522928522252,84.0804449317107,0
"NPIL_80658",0,0,82.5233996551975,0
"NPIL_80657",0,0,101.741177657093,0
"NPIL_80656",0,0,0,0
"NPIL_80659",0,0,0,0
"NPIL_80660",0,0,0,0
"NPIL_80661",0,0,0,0
"NPIL_80663",0,0,0,0
"NPIL_80662",0,0,0,0
"NPIL_80664",10.2089968949649,0,223.830590845604,41.7611158015518
"NPIL_80203",0,0,0,0
"NPIL_80666",0,57.762435577184,0,0
"NPIL_80665",0,0,20.6308499137994,0
"NPIL_80668",0,0,0,0
"NPIL_80667",0,0,41.2616998275988,0
"NPIL_80669",9.93675697776587,55.4519381540967,0,60.9712290702657
"NPIL_80670",0,28.881217788592,0,0
"NPIL_80671",0,0,0,0
"NPIL_80672",0,0,271.723389108577,0
"NPIL_80673",0,25.3591180582759,181.148926072385,0
"NPIL_80674",0,0,0,0
"NPIL_80254",14433.1139263816,207.730612806927,4988.62874661255,10588.3352234537
"NPIL_80675",0,0,0,0
"NPIL_80676",0,0,0,0
"NPIL_80677",0,0,0,0
"NPIL_80678",0,0,20.3482355314186,0
"NPIL_80679",0,0,0,0
"NPIL_80681",175.354534901751,48.9281807242029,87.3777172819738,161.39442989188
"NPIL_80680",413.033874377015,2355.03713244808,715.865635563159,110.188968199275
"NPIL_80682",0,0,0,0
"NPIL_80683",0,86.643653365776,433.247848189787,0
"NPIL_80684",0,0,0,0
"NPIL_80686",0,0,0,0
"NPIL_80685",0,0,0,0
"NPIL_80687",0,0,0,0
"NPIL_80688",0,0,0,0
"NPIL_80689",0,0,0,0
"NPIL_80690",0,0,0,0
"NPIL_80691",0,0,0,0
"NPIL_80222",0,0,0,0
"NPIL_80693",0,57.762435577184,165.046799310395,0
"NPIL_80692",0,0,0,0
"NPIL_80694",0,0,0,0
"NPIL_80695",0,177.513826407931,36.229785214477,0
"NPIL_80696",0,0,0,0
"NPIL_80697",0,0,0,0
"NPIL_80698",0,0,0,0
"NPIL_80699",0,0,142.43764871993,20.8805579007759
"NPIL_80700",0,56.9711693364007,1648.2070780449,0
"NPIL_80701",0,0,322.917650824686,0
"NPIL_80702",0,0,0,0
"NPIL_80703",0,0,0,0
"NPIL_80707",0,0,0,0
"NPIL_80706",0,0,0,0
"NPIL_80705",0,0,0,0
"NPIL_80704",0,0,0,0
"NPIL_80708",20.7015770370122,115.524871154368,82.5233996551975,0
"NPIL_80709",0,0,0,0
"NPIL_80710",0,0,0,0
"NPIL_80711",0,28.4855846682003,61.0447065942557,0
"NPIL_80712",0,0,0,0
"NPIL_80713",0,0,0,0
"NPIL_80714",0,0,0,0
"NPIL_80715",0,0,37.1355298448389,0
"NPIL_80717",0,0,0,0
"NPIL_80716",0,0,0,0
"NPIL_80723",0,0,0,0
"NPIL_80722",0,0,0,0
"NPIL_80721",0,0,18.1148926072385,0
"NPIL_80720",0,0,199.263818679623,0
"NPIL_80719",0,0,0,0
"NPIL_80718",0,0,36.229785214477,0
"NPIL_80724",0,0,0,0
"NPIL_80725",0,0,0,0
"NPIL_80726",0,0,0,0
"NPIL_80727",0,0,61.0447065942557,0
"NPIL_80728",0,0,0,0
"NPIL_80729",0,0,0,0
"NPIL_80735",0,0,0,0
"NPIL_80734",0,0,0,0
"NPIL_80730",0,0,0,0
"NPIL_80731",0,0,0,0
"NPIL_80732",0,0,61.8925497413981,0
"NPIL_80733",0,0,20.6308499137994,0
"NPIL_80736",0,0,0,0
"NPIL_80246",0,0,0,0
"NPIL_80737",0,0,0,0
"NPIL_80738",0,0,0,0
"NPIL_80739",0,0,40.6964710628371,0
"NPIL_80740",0,0,61.0447065942557,41.7611158015518
"NPIL_80741",0,0,0,0
"NPIL_80743",0,28.4855846682003,81.3929421256743,0
"NPIL_80742",0,0,0,0
"NPIL_80744",81.7964751218532,50.7182361165518,72.4595704289539,37.1775787013815
"NPIL_80747",109.304326755425,0,257.473006924216,0
"NPIL_80745",20.4179937899299,0,20.3482355314186,0
"NPIL_80746",0,0,20.3482355314186,0
"NPIL_80748",0,0,0,0
"NPIL_80749",0,0,0,0
"NPIL_80136",0,0,18.3385332567106,0
"NPIL_80750",0,0,0,0
"NPIL_80751",0,0,20.6308499137994,0
"NPIL_80753",0,0,20.6308499137994,0
"NPIL_80752",0,0,0,0
"NPIL_80756",0,0,0,0
"NPIL_80755",0,0,0,0
"NPIL_80754",0,0,0,0
"NPIL_80757",0,0,0,0
"NPIL_80758",0,0,40.6964710628371,0
"NPIL_80759",0,0,0,0
"NPIL_80217",0,0,0,0
"NPIL_80255",0,0,0,13.4892099712977
"NPIL_80760",0,0,0,0
"NPIL_80761",0,0,0,0
"NPIL_80762",0,0,20.0732593755886,0
"NPIL_80763",0,0,0,0
"NPIL_80764",0,0,21.8444293204935,0
"NPIL_80282",0,3.77737998324909,0,5.53780463853458
"NPIL_80765",0,0,0,0
"NPIL_80766",0,0,0,0
"NPIL_80767",0,0,907.757396207173,0
"NPIL_80768",0,337.207732018155,883.223412525898,0
"NPIL_80769",0,0,281.02563125824,0
"NPIL_80770",0,0,0,0
"NPIL_80771",0,0,0,0
"NPIL_80772",0,0,40.1465187511772,0
"NPIL_80773",0,0,220.805853131474,0
"NPIL_80777",0,0,0,0
"NPIL_80776",0,0,0,0
"NPIL_80774",0,28.1006443348463,100.366296877943,0
"NPIL_80775",0,28.1006443348463,461.684965638537,0
"NPIL_80778",0,0,0,0
"NPIL_80779",0,0,0,0
"NPIL_80780",0,0,0,0
"NPIL_80782",0,0,0,0
"NPIL_80781",0,0,0,0
"NPIL_80783",0,0,0,0
"NPIL_80784",0,0,0,0
"NPIL_80785",0,0,0,0
"NPIL_80786",20.9931485445758,0,0,42.9374852607505
"NPIL_80787",20.9931485445758,0,0,0
"NPIL_80788",0,0,0,0
"NPIL_80789",0,0,0,0
"NPIL_80790",0,0,40.6964710628371,0
"NPIL_80791",0,0,0,0
"NPIL_80792",0,0,17.6835856403995,0
"NPIL_80273",0,63.9830055624192,0,0
"NPIL_80793",0,0,0,0
"NPIL_80795",0,0,0,0
"NPIL_80794",0,0,0,0
"NPIL_80796",0,56.9711693364007,122.089413188511,0
"NPIL_80797",0,0,15.8023531254634,0
"NPIL_80798",0,0,0,0
"NPIL_80799",0,0,0,0
"NPIL_80800",0,0,0,0
"NPIL_80801",0,0,0,0
"NPIL_80802",0,0,0,0
"NPIL_80803",0,0,0,0
"NPIL_80804",0,0,0,0
"NPIL_80805",0,0,0,0
"NPIL_80806",0,0,0,0
"NPIL_80807",0,0,36.229785214477,0
"NPIL_80808",0,0,0,0
"NPIL_80169",0,53.319171302016,38.0877229177835,0
"NPIL_80809",0,0,0,0
"NPIL_80810",0,0,0,0
"NPIL_80811",0,0,0,0
"NPIL_80812",0,0,0,0
"NPIL_80228",2.10881939256491,0,0.840645836895051,2.58791294865304
"NPIL_80229",1.2964208283616,4.65085216873947,1.47656182285642,4.16677137035861
"NPIL_80230",0,0,0,0
"NPIL_80814",0,0,0,0
"NPIL_80813",0,0,0,0
"NPIL_80815",0,0,0,0
"NPIL_80816",0,64.982740024332,0,95.2675454222901
"NPIL_80817",0,0,0,0
"NPIL_80818",0,0,0,0
"NPIL_80819",0,0,41.2616998275988,0
"NPIL_80820",0,0,0,0
"NPIL_80827",0,29.2879955039243,0,0
"NPIL_80821",0,0,0,0
"NPIL_80822",0,0,0,0
"NPIL_80823",0,0,0,0
"NPIL_80824",0,0,0,0
"NPIL_80825",0,0,0,0
"NPIL_80826",0,0,0,0
"NPIL_80828",0,0,0,0
"NPIL_80829",0,0,0,0
"NPIL_80830",0,0,40.6964710628371,0
"NPIL_80831",0,0,0,0
"NPIL_80833",0,0,0,0
"NPIL_80832",0,0,20.3482355314186,0
"NPIL_80835",0,0,0,0
"NPIL_80834",0,0,0,0
"NPIL_80837",0,0,0,0
"NPIL_80836",30.6269906848948,0,0,0
"NPIL_80155",0,0,0,0
"NPIL_80841",0,0,0,0
"NPIL_80838",0,0,0,0
"NPIL_80839",0,0,0,0
"NPIL_80840",0,0,0,0
"NPIL_80851",0,0,0,0
"NPIL_80842",0,0,0,0
"NPIL_80850",0,0,0,0
"NPIL_80849",0,0,0,0
"NPIL_80843",0,0,0,0
"NPIL_80844",0,0,0,0
"NPIL_80845",0,0,0,0
"NPIL_80848",0,0,0,0
"NPIL_80847",0,0,0,0
"NPIL_80846",0,0,0,0
"NPIL_80852",0,0,60.2197781267658,0
"NPIL_80853",0,0,0,0
"NPIL_80854",0,0,49.5140397931185,0
"NPIL_80856",0,0,0,0
"NPIL_80855",0,0,20.6308499137994,0
"NPIL_80857",0,0,0,0
"NPIL_80858",0,0,0,0
"NPIL_80859",0,0,0,0
"NPIL_80860",0,0,0,0
"NPIL_80224",0,0,0,0
"NPIL_80225",0,0,0,0
"NPIL_80862",0,0,19.8056159172474,0
"NPIL_80861",0,0,20.0732593755886,0
"NPIL_80863",0,0,0,0
"NPIL_80864",0,0,0,0
"NPIL_80866",0,0,0,0
"NPIL_80865",0,0,0,0
"NPIL_80867",0,0,61.8925497413981,0
"NPIL_80868",10.2089968949649,0,20.3482355314186,0
"NPIL_80872",0,0,0,0
"NPIL_80871",0,0,0,0
"NPIL_80870",0,0,0,0
"NPIL_80869",0,0,0,0
"NPIL_80873",0,0,0,0
"NPIL_80874",0,0,0,0
"NPIL_80875",0,0,0,0
"NPIL_80876",0,0,0,0
"NPIL_80884",0,0,20.3482355314186,0
"NPIL_80883",0,0,0,0
"NPIL_80882",0,0,0,0
"NPIL_80881",0,0,0,0
"NPIL_80880",10.0710374774654,28.1006443348463,0,0
"NPIL_80877",0,205.01596852747,62.7642757940939,0
"NPIL_80879",0,0,40.6964710628371,0
"NPIL_80878",0,0,0,0
"NPIL_80885",0,0,35.3671712807989,0
"NPIL_80886",0,0,0,0
"NPIL_80887",0,0,0,0
"NPIL_80888",0,0,0,0
"NPIL_80889",0,0,41.2616998275988,0
"NPIL_80205",0,0,0,0
"NPIL_80891",0,56.2012886696926,40.1465187511772,41.1967763988282
"NPIL_80890",0,0,0,0
"NPIL_80900",0,0,0,0
"NPIL_80892",0,0,61.0447065942557,0
"NPIL_80893",0,0,0,0
"NPIL_80894",0,0,20.3482355314186,0
"NPIL_80895",0,85.456754004601,61.0447065942557,0
"NPIL_80896",0,0,20.3482355314186,0
"NPIL_80897",0,28.4855846682003,0,0
"NPIL_80899",0,0,0,0
"NPIL_80898",0,0,0,0
"NPIL_80902",0,113.942338672801,0,0
"NPIL_80901",0,0,144.415949396596,0
"NPIL_80905",0,0,0,0
"NPIL_80903",0,0,0,0
"NPIL_80904",0,0,0,0
"NPIL_80906",0,0,0,0
"NPIL_80909",0,0,0,0
"NPIL_80908",0,0,0,0
"NPIL_80907",0,0,0,0
"NPIL_80910",0,0,0,0
"NPIL_80911",0,0,0,0
"NPIL_80912",0,0,62.5440502649918,0
"NPIL_80917",0,0,0,0
"NPIL_80916",0,0,18.1148926072385,0
"NPIL_80913",0,0,18.1148926072385,0
"NPIL_80914",0,0,0,0
"NPIL_80915",0,0,163.034033465146,0
"NPIL_80918",0,0,0,0
"NPIL_80923",0,0,0,0
"NPIL_80922",0,0,0,0
"NPIL_80921",0,0,0,0
"NPIL_80919",20.4179937899299,0,0,0
"NPIL_80920",0,0,20.3482355314186,0
"NPIL_80924",0,0,0,0
"NPIL_80158",0,217.616617755903,0,0
"NPIL_80925",0,0,0,0
"NPIL_80926",0,0,81.3929421256743,0
"NPIL_80927",0,0,61.0447065942557,0
"NPIL_80928",0,0,101.741177657093,0
"NPIL_80929",0,0,41.2616998275988,0
"NPIL_80930",0,0,0,0
"NPIL_80931",0,0,0,0
"NPIL_80932",0,0,0,0
"NPIL_80937",0,0,0,0
"NPIL_80936",0,0,0,0
"NPIL_80935",0,57.762435577184,41.2616998275988,0
"NPIL_80934",0,0,0,0
"NPIL_80933",0,0,0,0
"NPIL_80939",0,0,165.046799310395,0
"NPIL_80938",0,0,0,0
"NPIL_80940",0,0,0,0
"NPIL_80941",0,0,0,0
"NPIL_80942",0,0,0,0
"NPIL_80943",0,0,20.3482355314186,0
"NPIL_80944",0,0,66.7605030918452,0
"NPIL_80945",0,0,0,0
"NPIL_80946",0,0,0,0
"NPIL_80951_1",0,0,0,0
"NPIL_80947",0,0,0,0
"NPIL_80950",9.08849723576147,25.3591180582759,72.4595704289539,0
"NPIL_80949",0,0,0,0
"NPIL_80948",0,49.5106590661577,88.4179282019973,0
"NPIL_80952",0,115.524871154368,0,0
"NPIL_80953",0,0,0,0
"NPIL_80955",0,0,0,0
"NPIL_80954",0,0,0,0
"NPIL_80956",0,0,0,0
"NPIL_80957",0,0,41.2616998275988,0
"NPIL_80959",0,0,0,0
"NPIL_80958",0,0,0,0
"NPIL_80960",0,0,0,0
"NPIL_80961",0,0,0,0
"NPIL_80962",0,0,0,0
"NPIL_80963",0,0,0,0
"NPIL_80964",0,0,0,0
"NPIL_80965",0,0,0,0
"NPIL_80967",0,0,0,0
"NPIL_80966",0,0,0,0
"NPIL_80968",0,0,203.482355314186,0
"NPIL_80969",0,0,223.830590845604,0
"NPIL_80970",0,0,651.143537005394,20.8805579007759
"NPIL_80971",0,0,529.054123816883,62.6416737023277
"NPIL_80972",0,0,0,0
"NPIL_80973",0,0,0,0
"NPIL_80974",0,0,0,0
"NPIL_80235",0,0,0,0
"NPIL_80976",0,0,0,0
"NPIL_80975",0,57.762435577184,0,0
"NPIL_80977",0,0,0,0
"NPIL_80245",0,0,0,0
"NPIL_80978",0,0,0,0
"NPIL_80247",0,0,4.95967009613875,0
"NPIL_80979",0,0,0,0
"NPIL_80980",0,0,0,0
"NPIL_80981",0,0,0,0
"NPIL_80989",0,0,0,0
"NPIL_80982",0,0,0,0
"NPIL_80983",0,0,0,0
"NPIL_80988",0,0,0,0
"NPIL_80984",0,0,0,0
"NPIL_80987",0,0,0,0
"NPIL_80986",0,0,0,0
"NPIL_80985",0,0,0,0
"NPIL_80269",0,0,0,0
"NPIL_80990",0,0,0,0
"NPIL_80991_1",0,0,0,0
"NPIL_80992",0,0,0,0
"NPIL_80993",0,0,0,0
"NPIL_80994",0,0,0,0
"NPIL_80995",0,0,20.6308499137994,0
"NPIL_80996",0,0,0,0
"NPIL_80997",0,0,0,0
"NPIL_80998",0,0,0,0
"NPIL_80999",0,0,41.2616998275988,0
"NPIL_81000",0,0,0,0
"NPIL_81001_1",0,0,81.3929421256743,0
"NPIL_81002",0,0,0,0
"NPIL_81008",0,0,0,0
"NPIL_81007",0,0,0,0
"NPIL_81006",0,0,0,0
"NPIL_81005",0,0,0,0
"NPIL_81004",0,0,0,0
"NPIL_81003",0,0,0,0
"NPIL_81009",0,0,0,0
"NPIL_81010",0,0,0,0
"NPIL_81011_1",0,0,0,0
"NPIL_81013",0,0,36.229785214477,0
"NPIL_81012",0,0,0,0
"NPIL_81014",0,0,0,0
"NPIL_81015",0,56.9711693364007,203.482355314186,0
"NPIL_81016",0,0,1017.41177657093,0
"NPIL_81017",0,0,0,0
"NPIL_81018",0,0,0,0
"NPIL_81019",0,0,0,0
"NPIL_81020",0,0,82.5233996551975,0
"NPIL_81021",0,0,61.0447065942557,0
"NPIL_81022",0,0,20.6308499137994,0
"NPIL_81023",0,0,0,20.8805579007759
"NPIL_81024",0,0,0,0
"NPIL_81026",0,0,35.793281778158,0
"NPIL_81025",0,0,17.896640889079,0
"NPIL_81027",0,0,103.154249568997,0
"NPIL_81028",0,56.2012886696926,180.659334380297,0
"NPIL_81029",0,0,0,0
"NPIL_81030",0,0,0,0
"NPIL_81031",0,0,122.089413188511,0
"NPIL_81032",0,0,0,0
"NPIL_81034",0,0,0,0
"NPIL_81033",0,0,40.6964710628371,0
"NPIL_81036",0,0,0,0
"NPIL_81035",0,0,0,0
"NPIL_81037",0,0,0,0
"NPIL_81038",0,0,0,0
"NPIL_81039",41.4031540740245,173.287306731552,82.5233996551975,0
"NPIL_81040",0,0,61.8925497413981,0
"NPIL_81043",20.7015770370122,28.881217788592,20.6308499137994,0
"NPIL_81041",20.7015770370122,28.881217788592,82.5233996551975,42.3411312987956
"NPIL_81042",0,0,0,0
"NPIL_81044",0,0,0,0
"NPIL_81045",0,0,0,0
"NPIL_81046",0,0,0,0
"NPIL_81047",0,0,0,0
"NPIL_81048",0,0,0,0
"NPIL_81049",0,0,0,0
"NPIL_81050",0,0,0,0
"NPIL_81051",0,0,40.6964710628371,0
"NPIL_81052",0,0,41.2616998275988,0
"NPIL_81053",0,0,0,0
"NPIL_81054",0,0,22.5063817241448,0
"NPIL_81055",94.4691684505911,0,0,0
"NPIL_81056",20.7015770370122,0,61.8925497413981,84.6822625975912
"NPIL_81057",0,0,52.4266303691843,0
"NPIL_81058",0,0,20.6308499137994,0
"NPIL_81059",0,0,0,0
"NPIL_81060",0,0,0,0
"NPIL_81061",0,0,20.3482355314186,0
"NPIL_81062",0,0,0,0
"NPIL_81063",0,0,0,0
"NPIL_81064",0,0,0,0
"NPIL_80188",0,0,0,0
"NPIL_81065",0,0,0,0
"NPIL_80272",0,0,69.089357850863,0
"NPIL_81066",0,0,40.6964710628371,0
"NPIL_81067",0,0,61.0447065942557,0
"NPIL_81068",0,0,0,0
"NPIL_81069",0,0,0,0
"NPIL_81070",0,0,0,0
"NPIL_81071_1",0,0,0,0
"NPIL_81072",0,0,0,0
"NPIL_81073",0,0,0,0
"NPIL_81074",0,0,0,0
"NPIL_81075",0,0,0,0
"NPIL_81076",0,0,20.0732593755886,0
"NPIL_81077",0,56.2012886696926,321.172150009417,0
"NPIL_80157",0,0,0,0
"NPIL_81078",0,0,41.2616998275988,0
"NPIL_81086",0,0,0,0
"NPIL_81085",0,0,0,0
"NPIL_81084",0,0,0,0
"NPIL_81079",0,0,0,0
"NPIL_81080",0,0,0,0
"NPIL_81081_1",0,0,0,0
"NPIL_81082",0,0,0,0
"NPIL_81083",0,0,0,0
"NPIL_81087",0,0,0,0
"NPIL_81088",0,0,0,0
"NPIL_80284",69.9771618152526,46.643844691435,32.5444393006413,94.621495296839
"NPIL_81089",0,0,19.8056159172474,0
"NPIL_81090",0,0,80.2930375023543,41.1967763988282
"NPIL_81091_1",0,0,0,0
"NPIL_81092",0,0,0,0
"NPIL_80226",0,148.531977198473,159.152270763595,0
"NPIL_81093",0,0,0,0
"NPIL_81094",0,0,0,0
"NPIL_81095",0,168.603866009078,200.732593755886,0
"NPIL_81096",0,0,0,0
"NPIL_81097",0,0,0,0
"NPIL_81098",0,0,0,0
"NPIL_81099",0,0,0,0
"NPIL_81100",0,0,0,0
"NPIL_80260",0,0,0,0
"NPIL_80143",0.895741314101491,0,8.9268100588555,3.66413636239577
"NPIL_81101_1",0,0,60.2197781267658,0
"NPIL_81102",0,0,0,0
"NPIL_81103",0,0,0,0
"NPIL_81106",0,0,0,0
"NPIL_81105",0,0,0,0
"NPIL_81104",0,0,0,0
"NPIL_81107",0,0,0,0
"NPIL_81108",0,0,0,0
"NPIL_81109",0,0,0,0
"NPIL_80253",3.30735254437474,0,4.39473725974425,0
"NPIL_80147",0,0,0,0
"NPIL_80180",0,0,0,0
"NPIL_81110",0,0,0,0
"NPIL_81111",0,99.0213181323155,53.0507569211984,0
"NPIL_81112",0,0,17.6835856403995,0
"NPIL_81116",0,0,0,0
"NPIL_81113",0,0,406.722469729188,0
"NPIL_81115",0,0,17.896640889079,0
"NPIL_81114",0,0,0,0
"NPIL_81117",0,0,0,0
"NPIL_81118",0,28.881217788592,123.785099482796,0
"NPIL_81119",0,0,17.6835856403995,0
"NPIL_81120",0,49.5106590661577,229.886613325193,0
"NPIL_81121",0,0,0,0
"NPIL_81135",0,0,0,0
"NPIL_81134",0,0,20.6308499137994,0
"NPIL_81133",0,0,0,0
"NPIL_81122",0,0,0,0
"NPIL_81132",0,0,0,0
"NPIL_81123",0,0,20.6308499137994,0
"NPIL_81124",0,0,0,0
"NPIL_81131",0,0,0,0
"NPIL_81130",0,0,0,0
"NPIL_81125",0,0,0,0
"NPIL_81126",0,0,0,0
"NPIL_81127",0,0,0,0
"NPIL_81128",0,0,0,0
"NPIL_81129",0,0,0,0
"NPIL_81136",0,0,120.439556253532,0
"NPIL_81144",0,0,0,0
"NPIL_81143",0,0,0,0
"NPIL_81142",0,0,0,0
"NPIL_81137",0,0,0,0
"NPIL_81138",0,0,0,0
"NPIL_81139",0,0,0,0
"NPIL_81140",0,0,0,0
"NPIL_81141_1",0,0,0,0
"NPIL_81145",0,0,0,0
"NPIL_81146",0,0,0,0
"NPIL_81147",0,0,0,0
"NPIL_81148",0,0,0,0
"NPIL_81149",0,0,0,0
"NPIL_81150",0,0,0,0
"NPIL_81151",0,0,0,0
"NPIL_80175",0,3082.03852686832,21326.4042823218,258.583337574787
"NPIL_80238",0,4.84719739109237,24.2376418567713,0
"NPIL_81152",0,0,0,0
"NPIL_81155",0,25.3591180582759,525.331885609916,0
"NPIL_81154",0,0,362.297852144769,0
"NPIL_81153",0,50.7182361165518,688.365919075062,0
"NPIL_81160",0,0,0,0
"NPIL_81159",0,0,41.2616998275988,0
"NPIL_81158",0,0,0,0
"NPIL_81157",0,0,0,0
"NPIL_81156",0,0,0,21.1705656493978
"NPIL_81161",0,0,40.6964710628371,0
"NPIL_81163",0,0,0,0
"NPIL_81162",0,0,0,0
"NPIL_81164",0,0,0,0
"NPIL_81165",20.7015770370122,0,41.2616998275988,0
"NPIL_81166",0,0,0,0
"NPIL_80263",0,0,3.91931713401994,0
"NPIL_81167",0,0,0,0
"NPIL_81168",0,0,0,0
"NPIL_80173",6.96501657320038,174.906814271099,13.8824410634912,0
"NPIL_81169",0,0,0,0
"NPIL_81170",0,0,0,0
"NPIL_81171_1",0,0,0,0
"NPIL_81172",0,0,0,0
"NPIL_81173",0,0,0,0
"NPIL_81174",0,0,0,0
"NPIL_81176",0,0,0,0
"NPIL_81175",0,0,0,0
"NPIL_81177",0,0,0,0
"NPIL_81178",0,0,20.3482355314186,0
"NPIL_80189",0,0,0,0
"NPIL_81179",0,0,0,0
"NPIL_81180",0,0,0,0
"NPIL_81181",0,0,0,0
"NPIL_81182",0,57.762435577184,61.8925497413981,0
"NPIL_81183",0,0,386.616475096953,0
"NPIL_81184",0,0,0,0
"NPIL_81185",0,0,0,0
"NPIL_81186",0,0,0,0
"NPIL_81187",0,0,54.3446778217154,0
"NPIL_81188",0,0,18.1148926072385,0
"NPIL_81189",0,0,0,37.1775787013815
"NPIL_81191",0,0,18.1148926072385,0
"NPIL_81190",0,0,18.3385332567106,0
"NPIL_81192",0,0,0,0
"NPIL_81193",0,57.762435577184,144.415949396596,0
"NPIL_81194",0,0,0,0
"NPIL_81195",0,56.2012886696926,80.2930375023543,0
"NPIL_80170",421.872720804212,149.304776247373,98.1521808594077,99.9268322431514
"NPIL_81196",0,0,0,0
"NPIL_81197",0,0,0,0
"NPIL_81198",0,0,244.178826377023,62.6416737023277
"NPIL_81199",0,0,223.830590845604,0
"NPIL_80242_1",0,0,15.6360125662479,0
"NPIL_81203",0,0,0,0
"NPIL_81200",0,0,0,0
"NPIL_81201",0,0,0,0
"NPIL_81202",0,0,0,0
"NPIL_81204",0,0,0,0
"NPIL_81205",0,0,0,0
"NPIL_81206",0,0,0,0
"NPIL_81208",0,0,0,0
"NPIL_81207",0,113.942338672801,0,0
"NPIL_81209",0,0,20.0732593755886,0
"NPIL_81210",0,0,40.1465187511772,0
"NPIL_81211",0,84.3019330045388,100.366296877943,0
"NPIL_81212",0,0,0,0
"NPIL_80164",59.8867049999283,1002.59084608969,1246.69278764816,13.6096493460414
"NPIL_80165",19.9622349999761,984.024348939885,1326.26892302996,0
"NPIL_81213",0,0,0,0
"NPIL_81219",0,0,40.6964710628371,0
"NPIL_81218",0,0,40.6964710628371,0
"NPIL_81217",0,0,0,0
"NPIL_81216",0,0,0,0
"NPIL_81214",0,0,0,0
"NPIL_81215",0,0,0,0
"NPIL_81220",0,0,0,0
"NPIL_81221",0,0,0,0
"NPIL_81226",0,0,20.6308499137994,0
"NPIL_81225",0,0,0,0
"NPIL_81224",0,113.942338672801,0,20.8805579007759
"NPIL_81222",0,0,0,0
"NPIL_81223",0,0,0,0
"NPIL_81227",0,0,0,72.584796512221
"NPIL_81228",0,0,0,0
"NPIL_81229",0,0,162.785884251349,0
"NPIL_81230",0,0,0,0
"NPIL_81231",0,0,0,0
"NPIL_81232",0,0,0,20.5983881994141
"NPIL_81233",0,0,0,0
"NPIL_80261",0,0,0,0
"NPIL_81234",0,0,0,41.1967763988282
"NPIL_81235",0,0,0,0
"NPIL_81236",0,0,0,0
"NPIL_81240",0,56.2012886696926,180.659334380297,0
"NPIL_81239",0,0,0,0
"NPIL_81238",0,0,0,0
"NPIL_81237",0,0,0,0
"NPIL_81241",0,0,41.2616998275988,0
"NPIL_81242",0,0,0,0
"NPIL_81243",0,0,0,0
"NPIL_81244",0,0,0,0
"NPIL_81246",0,0,0,0
"NPIL_81245",0,0,0,0
"NPIL_81247",0,0,40.6964710628371,0
"NPIL_81248",0,0,20.3482355314186,0
"NPIL_81249",0,0,20.3482355314186,0
"NPIL_81252",0,0,20.3482355314186,0
"NPIL_81251",0,0,0,0
"NPIL_81250",0,0,40.6964710628371,0
"NPIL_81253",0,0,0,0
"NPIL_81254",0,0,0,0
"NPIL_80274",0,0,0,0
"NPIL_81256",0,0,40.1465187511772,0
"NPIL_81255",0,0,0,36.2923982561105
"NPIL_80145",0,0,0,0
"NPIL_81257",0,113.942338672801,81.3929421256743,0
"NPIL_81258",0,0,0,0
"NPIL_81259",0,25.3591180582759,144.919140857908,0
"NPIL_81262",0,0,0,0
"NPIL_81261",0,0,0,0
"NPIL_81260",0,0,0,0
"NPIL_81264",0,0,35.3671712807989,0
"NPIL_81263",0,0,229.886613325193,0
"NPIL_80146",0,0,0,0
"NPIL_80190",0,18.5664971498091,0,0
"NPIL_81265",0,0,40.6964710628371,0
"NPIL_81267",0,0,0,0
"NPIL_81266",0,0,0,0
"NPIL_81268",0,0,40.6964710628371,0
"NPIL_80256",0,0,0,0
"NPIL_81269",0,0,0,0
"NPIL_81270",0,0,20.6308499137994,0
"NPIL_81271",0,0,0,0
"NPIL_81275",0,0,0,0
"NPIL_81272",0,0,0,0
"NPIL_81273",0,0,0,0
"NPIL_81274",0,0,0,0
"NPIL_81276",0,0,0,0
"NPIL_81277",0,0,0,0
"NPIL_81278",0,0,0,0
"NPIL_81282",0,86.643653365776,82.5233996551975,0
"NPIL_81281",0,0,0,0
"NPIL_81280",0,0,0,0
"NPIL_81279",0,0,0,0
"NPIL_81284",0,0,0,0
"NPIL_81283",0,0,0,0
"NPIL_81285",0,0,0,0
"NPIL_80244",0,0,0,0
"NPIL_81286",0,0,0,0
"NPIL_80243_1",13.3081566666507,5291.45168769561,888.600178430073,0
"NPIL_81287",0,0,0,0
"NPIL_81288",0,0,20.6308499137994,0
"NPIL_81290",0,24.7553295330789,70.7343425615979,0
"NPIL_81289",0,0,41.2616998275988,0
"NPIL_81291",0,0,0,0
"NPIL_81292",0,0,106.101513842397,0
"NPIL_81295",0,0,0,0
"NPIL_81294",0,0,40.6964710628371,0
"NPIL_81293",0,0,20.3482355314186,0
"NPIL_81296",0,0,0,0
"NPIL_80285",0,0,0,0
"NPIL_81297",20.4179937899299,0,0,0
"NPIL_81298",0,0,41.2616998275988,0
"NPIL_81299",0,0,20.0732593755886,0
"NPIL_81300",68.7929329229945,0,45.7052675013402,0
"NPIL_81302",0,0,0,0
"NPIL_81301",0,0,0,0
"NPIL_81303",0,0,0,0
"NPIL_81304",0,0,0,0
"NPIL_81305",0,0,427.31294615979,0
"NPIL_81307",0,0,0,0
"NPIL_81306",0,0,0,0
"NPIL_81308",0,0,36.229785214477,0
"NPIL_81309",0,0,0,0
"NPIL_81310",0,0,0,0
"NPIL_80177",0,0,0,0
"NPIL_81315",0,0,0,0
"NPIL_81314",0,0,0,0
"NPIL_81313",20.7015770370122,0,20.6308499137994,0
"NPIL_81312",0,28.881217788592,0,0
"NPIL_81311",0,0,0,0
"NPIL_81316",0,0,0,0
"NPIL_81317",0,0,0,0
"NPIL_81318",0,0,0,0
"NPIL_81320",0,0,0,0
"NPIL_81319",0,0,0,0
"NPIL_81321",0,0,35.3671712807989,0
"NPIL_81322",0,0,0,0
"NPIL_81323",0,0,0,0
"NPIL_81324",0,0,0,0
"NPIL_81325",0,0,0,0
"NPIL_80172",0,0,18.9225629782619,0
"NPIL_81326",0,0,0,0
"NPIL_81327",18.8672600843656,157.932735249009,545.281197721685,115.76815646253
"NPIL_80167",99.8111749998805,7352.33287132442,14827.686559475,13.6096493460414
"NPIL_81328",0,0,0,0
"NPIL_81329",0,0,0,0
"NPIL_81330",0,0,0,0
"NPIL_81331",0,0,0,0
"NPIL_81332",0,0,0,0
"NPIL_81336",0,0,0,0
"NPIL_81335",0,0,0,0
"NPIL_81334",0,0,0,0
"NPIL_81333",0,0,0,0
"NPIL_81338",0,0,81.3929421256743,0
"NPIL_81337",0,0,0,0
"NPIL_81339",10.0710374774654,421.509665022694,160.586075004709,0
"NPIL_81340",0,0,0,0
"NPIL_81341",0,0,0,0
"NPIL_81342",0,0,20.3482355314186,0
"NPIL_81343",0,0,0,0
"NPIL_81344",0,57.762435577184,61.8925497413981,0
"NPIL_81345",0,0,0,0
"NPIL_80291",0,0,0,0
"NPIL_81346",0,0,0,0
"NPIL_81347",0,0,0,0
"NPIL_80132",386634.074302985,454104.252992733,198121.527461462,390803.052024244
"NPIL_81348",0,0,0,0
"NPIL_81349",0,0,0,0
"NPIL_81351",0,0,0,0
"NPIL_81350",0,0,0,0
"NPIL_81352",0,0,0,0
"NPIL_81359",20.1420749549308,0,0,0
"NPIL_81353",0,0,125.528551588188,0
"NPIL_81354",0,0,0,0
"NPIL_81358",0,0,100.366296877943,0
"NPIL_81357",0,0,20.0732593755886,0
"NPIL_81356",0,0,0,0
"NPIL_81355",0,0,0,0
"NPIL_81360",0,0,0,0
"NPIL_81361",0,0,19.2911843349812,0
"NPIL_81362",0,0,0,0
"NPIL_81363",0,0,0,0
"NPIL_81364",0,0,0,0
"NPIL_81365",0,0,0,0
"NPIL_81366",0,0,0,0
"NPIL_81367",0,0,0,0
"NPIL_81369",0,0,0,0
"NPIL_81368",0,0,0,0
"NPIL_81371",0,0,0,0
"NPIL_81370",0,0,0,0
"NPIL_81372",0,0,0,0
"NPIL_80192",0,0,0,0
"NPIL_81373",30.6269906848948,0,0,0
"NPIL_81374",0,0,0,0
"NPIL_81375",0,0,0,0
"NPIL_81376",0,0,0,0
"NPIL_81377",18.1769944715229,25.3591180582759,36.229785214477,18.5887893506908
"NPIL_81378",0,0,0,0
"NPIL_80142",0,0,0,0
"NPIL_81379",0,231.049742308736,20.6308499137994,0
"NPIL_81380",0,0,0,0
"NPIL_81381",0,0,0,0
"NPIL_81382",0,0,0,0
"NPIL_81383",0,0,0,0
"NPIL_81384",0,0,0,0
"NPIL_81385",0,0,20.6308499137994,0
"NPIL_81386",0,0,123.785099482796,0
"NPIL_81387",0,0,106.101513842397,0
"NPIL_81388",0,0,41.2616998275988,0
"NPIL_81389",0,0,41.2616998275988,0
"NPIL_81390",0,0,42.4406055369587,0
"NPIL_81391_1",0,0,0,0
"NPIL_81392",0,0,0,0
"NPIL_81393",0,0,41.2616998275988,0
"NPIL_81394",0,0,0,0
"NPIL_81395",0,0,0,0
"NPIL_81397",0,50.7182361165518,108.689355643431,0
"NPIL_81396",0,0,0,0
"NPIL_81398",0,0,0,0
"NPIL_81399",0,0,0,0
"NPIL_80218",0,0,0,0
"NPIL_81400",0,0,0,0
"NPIL_81401_1",0,0,0,0
"NPIL_80196",0,0,3.58797389805207,0
"NPIL_80197",0,0,0,0
"NPIL_81402",0,0,0,0
"NPIL_81403",0,0,0,0
"NPIL_81405",0,0,0,0
"NPIL_81404",0,0,0,0
"NPIL_80231_1",0,0,1.98718554353653,0
"NPIL_80232",0,0,0,0
"NPIL_80233",0,0,0,0
"NPIL_81406",0,0,0,0
"NPIL_81407",0,0,0,0
"NPIL_80206",3.91827956536509,0,1.56195709126557,0
"NPIL_80207",0,0,3.14707880041007,3.22940831939967
"NPIL_80208",8.00122302657529,3.18933693370955,11.3912668235702,7.01356162618087
"NPIL_81408",0,0,0,0
"NPIL_81409",0,0,0,0
"NPIL_81411_1",0,0,61.0447065942557,0
"NPIL_81410",0,0,183.134119782767,0
"NPIL_81412",0,0,0,0
"NPIL_81413",0,0,83.6857010587918,0
"NPIL_81414",0,0,0,0
"NPIL_81415",0,0,0,0
"NPIL_81416",0,0,0,0
"NPIL_81417",0,0,0,0
"NPIL_81418",0,0,0,0
"NPIL_81419",0,0,0,0
"NPIL_80287",0,0,0,0
"NPIL_81420",0,0,0,0
"NPIL_81421",0,56.2012886696926,80.2930375023543,0
"NPIL_81422",0,0,0,0
"NPIL_81423",0,0,0,0
"NPIL_81424",0,288.81217788592,41.2616998275988,0
"NPIL_81425",0,0,0,0
"NPIL_81426",0,0,0,0
"NPIL_81427",0,0,20.3482355314186,0
"NPIL_81428",0,0,0,0
"NPIL_81429",0,0,0,0
"NPIL_81430",0,0,0,0
"NPIL_81431",0,0,0,0
"NPIL_80250",51.6805327448816,57.352772913516,31.6047062509267,60.0583422677952
"NPIL_80251",343.821703407735,245.022201787506,246.335434880976,212.867133911152
"NPIL_80252",0,0,0,0
"NPIL_81432",0,0,0,0
"NPIL_81433",20.7015770370122,0,20.6308499137994,0
"NPIL_81434",0,0,0,0
"NPIL_81435",0,0,35.3671712807989,0
"NPIL_81436",0,0,0,0
"NPIL_81441",0,0,0,0
"NPIL_81437",0,0,70.7343425615979,0
"NPIL_81438",0,0,0,0
"NPIL_81440",0,0,0,0
"NPIL_81439",0,0,0,0
"NPIL_81442",0,0,0,0
"NPIL_81445",0,56.2012886696926,461.684965638537,0
"NPIL_81444",0,0,40.1465187511772,0
"NPIL_81443",0,0,421.53844688736,0
"NPIL_81446",0,0,0,0
"NPIL_81448",0,0,223.830590845604,0
"NPIL_81447",0,0,240.879112507063,0
"NPIL_81455",0,0,0,0
"NPIL_81454",0,0,0,0
"NPIL_81449",0,0,0,0
"NPIL_81450",0,0,61.8925497413981,0
"NPIL_81451",0,28.881217788592,474.509548017386,0
"NPIL_81452",0,0,557.032947672583,0
"NPIL_81453",0,57.762435577184,515.771247844984,0
"NPIL_81456",0,0,0,0
"NPIL_81457",0,0,1385.05489691561,0
"NPIL_81459",0,0,288.831898793191,21.1705656493978
"NPIL_81458",0,0,330.09359862079,42.3411312987956
"NPIL_81461_1",0,0,0,0
"NPIL_81460",0,0,18.8027999214374,0
"NPIL_81462",0,0,0,0
"NPIL_81463",0,0,0,0
"NPIL_81464",0,0,0,0
"NPIL_80133",236482.518104271,170170.422831595,124081.693483537,148155.391386582
"NPIL_80134",61905.7004859298,22986.9955604169,11572.9076865649,42743.3180854741
"NPIL_80135",0,0,0,0
"NPIL_81465",0,0,0,0
"NPIL_81466",0,0,0,0
"NPIL_81467",20.7015770370122,144.40608894296,1237.85099482796,21.1705656493978
"NPIL_81468",0,0,0,0
"NPIL_81469",0,0,0,0
"NPIL_81470",0,0,0,0
"NPIL_81471_1",0,0,0,0
"NPIL_80149",0,0,0,0
"NPIL_81472",0,0,20.0732593755886,0
"NPIL_81473",0,0,20.0732593755886,0
"NPIL_81475",0,0,0,0
"NPIL_81474",0,0,20.3482355314186,0
"NPIL_81476",0,0,0,0
"NPIL_81477",0,0,0,0
"NPIL_81479",0,0,0,0
"NPIL_81478",0,0,0,0
"NPIL_81480",0,0,0,0
"NPIL_81483",0,0,0,0
"NPIL_81482",0,0,0,0
"NPIL_81481_1",0,0,0,0
"NPIL_80241_1",0,0,0,0
"NPIL_81484",0,0,0,0
"NPIL_81485",10.2089968949649,0,0,0
"NPIL_81486",0,0,32.6466196438144,0
"NPIL_81487",0,0,101.741177657093,0
"NPIL_81488",0,0,20.3482355314186,20.8805579007759
"NPIL_81489",0,0,0,0
"NPIL_81490",0,0,0,0
"NPIL_81491_1",0,0,0,0
"NPIL_80141_1",0,19.2541451923947,0,0
"NPIL_81492",0,0,0,0
"NPIL_81495",0,0,20.6308499137994,0
"NPIL_81494",0,0,20.6308499137994,0
"NPIL_81493",0,0,0,0
"NPIL_81496",0,0,0,0
"NPIL_81497",0,0,40.6964710628371,0
"NPIL_81498",0,0,37.1355298448389,0
"NPIL_81499",0,0,0,0
"NPIL_81500",0,0,0,0
"NPIL_81501_1",41.4031540740245,0,82.5233996551975,0
"NPIL_81502",0,0,0,0
"NPIL_81503",0,0,20.6308499137994,0
"NPIL_81504",51.7539425925306,86.643653365776,206.308499137994,0
"NPIL_81505",0,0,0,0
"NPIL_81506",0,0,0,0
"NPIL_81507",20.7015770370122,144.40608894296,61.8925497413981,0
"NPIL_81508",0,0,0,0
"NPIL_81509",0,0,20.6308499137994,0
"NPIL_81513",0,28.881217788592,0,0
"NPIL_81512",20.7015770370122,0,0,0
"NPIL_81511_1",0,0,0,0
"NPIL_81510",0,0,0,0
"NPIL_80210",16.1160143853304,166.501655328271,98.9702022749651,24.0535240341492
"NPIL_80211_1",19.8015084701856,30.1369229098351,28.7037911844165,296.387919091569
"NPIL_80212",0,0,0,0
"NPIL_80213",94.0335054343091,35.6739779214927,33.703524596312,124.844243254003
"NPIL_81514",0,0,0,0
"NPIL_80140",0,23.1049742308736,66.018719724158,0
"NPIL_81515",0,0,0,0
"NPIL_81516",20.4179937899299,0,61.0447065942557,0
"NPIL_81518",0,0,0,0
"NPIL_81517",0,0,0,0
"NPIL_81519",0,0,36.229785214477,0
"NPIL_81522",0,0,0,0
"NPIL_81521_1",0,0,0,0
"NPIL_81520",0,0,0,0
"NPIL_81525",0,0,36.229785214477,0
"NPIL_81524",0,25.3591180582759,18.1148926072385,0
"NPIL_81523",0,0,0,0
"NPIL_81526",0,0,0,0
"NPIL_80265",0,0,53.0507569211984,0
"NPIL_81527",0,0,0,0
"NPIL_80262",0,149.87010311918,240.879112507063,0
"NPIL_81528",0,0,0,0
"NPIL_81529",0,0,0,0
"NPIL_81538",0,0,0,0
"NPIL_81537",0,0,21.8444293204935,0
"NPIL_81536",0,0,0,0
"NPIL_81535",0,0,203.482355314186,0
"NPIL_81534",0,0,366.268239565534,0
"NPIL_81533",0,0,244.178826377023,0
"NPIL_81532",0,113.942338672801,40.6964710628371,0
"NPIL_81531_1",0,0,0,0
"NPIL_81530",0,0,40.6964710628371,0
"NPIL_81539",0,0,0,0
"NPIL_81540",0,0,0,0
"NPIL_81541_1",0,0,41.2616998275988,0
"NPIL_81542",0,0,0,0
"NPIL_81543",0,0,0,0
"NPIL_81544",0,0,20.6308499137994,0
"NPIL_81545",0,0,0,0
"NPIL_81546",0,0,40.6964710628371,0
"NPIL_81547",0,0,41.2616998275988,0
"NPIL_81548",0,0,103.154249568997,0
"NPIL_81549",0,0,0,0
"NPIL_81550",0,0,0,0
"NPIL_81552",0,0,0,0
"NPIL_81551_1",0,0,0,0
"NPIL_81553",0,0,0,0
"NPIL_81554",0,0,0,0
"NPIL_80237",0,222.79796579771,557.032947672583,0
"NPIL_81555",0,0,0,0
"NPIL_81556",0,0,41.2616998275988,0
"NPIL_81557",0,0,0,0
"NPIL_80221_1",0,0,0,0
"NPIL_81558",0,0,0,0
"NPIL_81559",0,0,0,0
"NPIL_81560",0,0,0,0
"NPIL_81561_1",0,0,0,0
"NPIL_81566",0,0,0,0
"NPIL_81565",0,0,0,0
"NPIL_81564",0,0,0,0
"NPIL_81562",0,0,0,0
"NPIL_81563",0,0,0,0
"NPIL_81567",0,0,0,0
"NPIL_81569",0,0,0,0
"NPIL_81568",0,0,427.31294615979,41.7611158015518
"NPIL_81571",0,0,0,0
"NPIL_81570",0,0,0,0
"NPIL_81572",0,0,0,0
"NPIL_81573",0,0,0,0
"NPIL_81574",0,0,0,0
"NPIL_81575",0,0,36.229785214477,0
"NPIL_81579",0,0,20.6308499137994,0
"NPIL_81578",0,24.7553295330789,17.6835856403995,0
"NPIL_81577",0,0,0,0
"NPIL_81576",0,0,61.8925497413981,0
"NPIL_80275",0,0,4.20402224658553,0
"NPIL_80276",1.40020060748227,3.90690029267943,6.27937564309159,2.86384354486922
"NPIL_80277",0,0,9.46128148913093,0
"NPIL_80278",1.43871963963792,0,2.86760848222694,0
"NPIL_81584",0,0,0,0
"NPIL_81583",0,56.9711693364007,0,0
"NPIL_81582",0,0,0,0
"NPIL_81580",0,0,0,0
"NPIL_81581_1",0,0,0,41.7611158015518
"NPIL_81586",0,0,20.3482355314186,0
"NPIL_81585",0,0,20.3482355314186,0
"NPIL_81587",0,0,0,0
"NPIL_81588",0,0,0,0
"NPIL_81589",0,0,0,0
"NPIL_81593",0,0,0,0
"NPIL_81590",0,0,35.3671712807989,0
"NPIL_81591_1",0,0,0,0
"NPIL_81592",0,0,123.785099482796,0
"NPIL_81594",0,0,0,0
"NPIL_81595",0,0,0,0
"NPIL_81596",0,57.762435577184,20.6308499137994,0
"NPIL_80216",0,0,0,0
"NPIL_81597",0,0,0,0
"NPIL_81598",0,0,0,0
"NPIL_81599",0,0,0,0
"NPIL_81600",0,0,0,0
"NPIL_81601",0,0,0,0
"NPIL_81603",0,0,0,0
"NPIL_81602",0,0,0,0
"NPIL_81604",0,0,0,0
"NPIL_81605",0,0,0,0
"NPIL_81606",0,0,0,0
"NPIL_81607",0,0,61.0447065942557,0
"NPIL_81608",0,0,0,0
"NPIL_81609",0,0,20.3482355314186,0
"NPIL_81610",0,0,122.089413188511,0
"NPIL_81611_1",0,0,0,0
"NPIL_81612",0,0,0,0
"NPIL_80193",53.2326266666029,92.8324857490458,424.406055369587,13.6096493460414
"NPIL_81613",0,28.881217788592,103.154249568997,42.3411312987956
"NPIL_81614",0,0,0,0
"NPIL_81615",0,0,0,0
"NPIL_81616",0,0,0,0
"NPIL_81617",0,0,0,0
"NPIL_81618",0,0,20.3482355314186,0
"NPIL_81622",0,0,0,0
"NPIL_81621",0,0,141.468685123196,0
"NPIL_81619",0,0,17.6835856403995,0
"NPIL_81620",0,0,17.6835856403995,0
"NPIL_81623",0,0,0,0
"NPIL_81626",0,0,36.229785214477,0
"NPIL_81624",0,0,0,0
"NPIL_81625",0,0,0,0
"NPIL_81627",0,0,0,0
"NPIL_81628",0,0,0,0
"NPIL_81629",0,0,72.4595704289539,0
"NPIL_81630",0,0,0,0
"NPIL_81631",0,0,639.556347327781,0
"NPIL_81632",0,0,0,0
"NPIL_81633",0,0,0,0
"NPIL_81634",0,0,0,0
"NPIL_81635",0,0,0,0
"NPIL_81636",0,0,0,0
"NPIL_81637",0,0,0,0
"NPIL_81639",0,0,0,0
"NPIL_81638",0,0,82.5233996551975,0
"NPIL_81640",0,0,0,0
"NPIL_81641",0,0,0,0
"NPIL_81642",0,0,115.532759517277,0
"NPIL_81643",0,0,0,0
"NPIL_81644",0,0,0,0
"NPIL_81645",0,0,0,0
"NPIL_81646",110.78141225212,56.2012886696926,321.172150009417,123.590329196484
"NPIL_81648",20.4179937899299,85.456754004601,1159.84942529086,20.8805579007759
"NPIL_81647",0,0,0,0
"NPIL_81649",0,0,0,0
"NPIL_81650",0,56.9711693364007,20.3482355314186,0
"NPIL_81651",0,0,19.5450157078099,0
"NPIL_81652",0,0,0,0
"NPIL_80178",0,0,13.8824410634912,0
"NPIL_81653",0,0,0,0
"NPIL_81654",0,0,20.6308499137994,0
"NPIL_81655",0,0,0,0
"NPIL_81656",0,0,0,0
"NPIL_81657",0,0,0,0
"NPIL_81658",0,0,0,0
"NPIL_81659",0,0,0,0
"NPIL_81660",0,0,0,0
"NPIL_81661",0,0,0,0
"NPIL_81662",0,0,0,0
"NPIL_81663",0,49.5106590661577,106.101513842397,0
"NPIL_81664",0,0,0,0
"NPIL_81665",0,0,0,0
"NPIL_81666",0,0,0,0
"NPIL_81669",0,0,0,0
"NPIL_81668",0,0,0,0
"NPIL_81667",0,0,20.6308499137994,0
"NPIL_81670",0,0,0,0
"NPIL_81672",0,0,0,0
"NPIL_81671",0,0,40.1465187511772,0
"NPIL_81673",0,0,0,0
"NPIL_81676",0,0,0,0
"NPIL_81675",0,0,0,0
"NPIL_81674",0,0,0,0
"NPIL_81677",0,0,0,0
"NPIL_81678",0,0,0,0
"NPIL_80214",0,0,0,0
"NPIL_81679",0,0,0,0
"NPIL_81680",0,0,0,0
"NPIL_81681",0,0,0,0
"NPIL_81682",0,0,0,0
"NPIL_81683",0,0,0,0
"NPIL_81684",0,0,0,0
"NPIL_81685",0,0,0,0
"NPIL_81686",0,0,0,0
"NPIL_81688",0,0,0,0
"NPIL_81687",0,0,0,0
"NPIL_81689",0,0,0,0
"NPIL_81692",0,0,0,0
"NPIL_81690",0,0,0,0
"NPIL_81691",20.7015770370122,0,41.2616998275988,0
"NPIL_81693",0,0,20.3482355314186,0
"NPIL_81694",0,0,0,0
"NPIL_81695",0,0,0,0
"NPIL_81696",0,0,0,0
"NPIL_81697",0,0,0,0
"NPIL_81698",0,0,60.2197781267658,0
"NPIL_81699",0,0,0,0
"NPIL_81700",0,0,0,0
"NPIL_81703",0,0,0,0
"NPIL_81702",0,0,0,0
"NPIL_81701",0,0,0,0
"NPIL_80236",0,0,27.5077998850658,0
"NPIL_81704",30.2131124323963,56.2012886696926,0,0
"NPIL_81706",0,0,0,0
"NPIL_81705",0,0,0,0
"NPIL_81707",0,0,40.6964710628371,0
"NPIL_80191_1",0,0,0,0
"NPIL_81708",0,0,20.0732593755886,0
"NPIL_81709",0,0,20.6308499137994,0
"NPIL_81711_1",0,0,0,0
"NPIL_81710",2585.95121349088,50.1071730308102,53.6899226672369,0
"NPIL_81712",0,29.2879955039243,62.7642757940939,0
"NPIL_81713",0,0,0,0
"NPIL_81714",0,0,0,0
"NPIL_81720",0,0,18.1148926072385,0
"NPIL_81719",0,0,0,0
"NPIL_81715",0,0,41.2616998275988,0
"NPIL_81716",0,0,0,0
"NPIL_81717",0,76.0773541748277,54.3446778217154,0
"NPIL_81718",0,25.3591180582759,181.148926072385,0
"NPIL_81721_1",0,0,0,0
"NPIL_81723",0,0,0,0
"NPIL_81722",0,0,0,0
"NPIL_81733",0,0,40.6964710628371,0
"NPIL_81732",0,0,0,0
"NPIL_81731_1",0,0,0,0
"NPIL_81724",0,0,0,0
"NPIL_81725",0,0,20.921425264698,0
"NPIL_81726",0,0,0,0
"NPIL_81727",0,0,0,0
"NPIL_81730",0,58.5759910078486,0,0
"NPIL_81729",0,0,0,0
"NPIL_81728",0,0,17.6835856403995,0
"NPIL_81734",0,0,62.7642757940939,0
"NPIL_81735",0,0,142.43764871993,0
"NPIL_81736",0,0,0,0
"NPIL_81737",0,0,0,0
"NPIL_81738",0,0,0,0
"NPIL_81739",0,0,20.3482355314186,0
"NPIL_81741_1",0,0,86.1113735532496,0
"NPIL_81740",0,0,39.0900314156199,0
"NPIL_81742",0,0,40.1465187511772,0
"NPIL_81743",0,0,0,0
"NPIL_81744",0,0,0,0
"NPIL_81745",0,0,0,0
"NPIL_81746",0,0,0,0
"NPIL_81747",0,0,41.8428505293959,0
"NPIL_80270",0,0,0,0
"NPIL_81748",0,0,268.201048879392,0
"NPIL_81749",0,0,0,0
"NPIL_81750",0,0,0,0
"NPIL_81751_1",0,0,0,0
"NPIL_81752",0,0,0,0
"NPIL_81753",0,0,0,0
"NPIL_81754",51.0449844748247,28.4855846682003,61.0447065942557,0
"NPIL_81755",0,0,20.3482355314186,0
"NPIL_81756",0,84.3019330045388,0,0
"NPIL_80209",0,0,0,0
"NPIL_81757",0,0,0,0
"NPIL_81758",0,0,0,0
"NPIL_80156",0,0,0,0
"NPIL_81759",0,0,0,0
"NPIL_81760",0,0,0,0
"NPIL_81763",0,0,389.038884088788,0
"NPIL_81762",0,0,495.140397931185,0
"NPIL_81761_1",0,0,0,0
"NPIL_81764",0,0,0,0
"NPIL_81765",0,0,20.6308499137994,0
"NPIL_81766",0,0,0,0
"NPIL_81769",0,0,0,0
"NPIL_81768",0,0,0,0
"NPIL_81767",0,0,0,0
"NPIL_81770",0,0,81.3929421256743,0
"NPIL_80194",0,0,13.8824410634912,0
"NPIL_81771_1",0,0,0,0
"NPIL_81772",0,0,0,0
"NPIL_80286",0,0,28.2937370246391,0
"NPIL_81773",0,0,0,0
"NPIL_80195",0,0,0,0
"NPIL_81774",0,0,0,0
"NPIL_81775",0,0,40.6964710628371,0
"NPIL_81776",0,0,0,0
"NPIL_81777",0,0,162.785884251349,0
"NPIL_80239",107.424399759631,21843.5675296205,19056.2142338921,27.4645175992188
"NPIL_81779",0,0,41.8428505293959,0
"NPIL_81778",0,0,0,0
"NPIL_81780",0,0,61.0447065942557,0
"NPIL_81781_1",0,0,0,0
"NPIL_81782",0,0,0,0
"NPIL_81783",0,0,0,0
"NPIL_81784",0,0,0,0
"NPIL_81785",0,0,0,0
"NPIL_81786",0,0,0,0
"NPIL_81787",0,0,20.0732593755886,0
"NPIL_81788",0,0,20.0732593755886,0
"NPIL_81789",0,0,0,0
"NPIL_81790",0,0,0,0
"NPIL_81791",0,0,0,0
"NPIL_81792",0,0,0,0
"NPIL_81793",0,0,40.6964710628371,0
"NPIL_81794",0,0,0,0
"NPIL_81795",0,0,0,0
"NPIL_81796",0,0,0,0
"NPIL_81799",0,0,0,0
"NPIL_81797",0,0,32.2917650824686,0
"NPIL_81798",0,0,46.9080376987439,0
"NPIL_81800",0,0,0,0
"NPIL_81801_1",0,0,0,0
"NPIL_81803",0,0,0,0
"NPIL_81802",0,0,0,0
"NPIL_81804",0,0,0,0
"NPIL_81805",0,0,0,0
"NPIL_81806",0,0,0,0
"NPIL_81807",0,0,0,0
"NPIL_81808",0,0,61.8925497413981,0
"NPIL_81809",0,0,0,0
"NPIL_81812",0,0,0,0
"NPIL_81811_1",0,0,81.3929421256743,0
"NPIL_81810",0,0,0,0
"NPIL_81813",0,0,0,0
"NPIL_81814",0,0,20.3482355314186,0
"NPIL_81817",0,0,20.3482355314186,0
"NPIL_81816",0,0,223.830590845604,0
"NPIL_81815",0,0,447.661181691208,0
"NPIL_81818",0,0,0,0
"NPIL_81819",0,0,0,0
"NPIL_81820",0,0,41.2616998275988,0
"NPIL_81821_1",0,0,20.3482355314186,0
"NPIL_80139",0,0,0,0
"NPIL_81823",0,0,0,0
"NPIL_81822",0,0,0,0
"NPIL_81824",0,0,40.6964710628371,0
"NPIL_81825",0,0,0,0
"NPIL_81826",0,0,0,0
"NPIL_81827",0,0,0,0
"NPIL_81828",0,0,0,0
"NPIL_81829",0,0,0,0
"NPIL_81830",0,0,0,0
"NPIL_81831_1",0,0,40.1465187511772,0
"NPIL_81832",0,0,0,0
"NPIL_81833",0,25.0535865154051,17.896640889079,36.7296560664251
"NPIL_81834",0,29.2879955039243,41.8428505293959,0
"NPIL_81837",0,0,0,0
"NPIL_81836",0,0,0,0
"NPIL_81835",0,0,0,0
"NPIL_81839",0,0,0,0
"NPIL_81838",0,0,0,0
"NPIL_81840",0,0,20.3482355314186,0
"NPIL_81841_1",0,0,55.0155997701317,0
"NPIL_80271_1",0,0,26.5253784605992,0
"NPIL_80162",46.5785483332776,4790.15626465076,3793.12911986569,13.6096493460414
"NPIL_80163",0,0,0,0
"NPIL_80148",0,0,0,0
"NPIL_81842",0,0,0,0
"NPIL_81843",0,0,0,0
"NPIL_81844",10.2089968949649,56.9711693364007,40.6964710628371,0
"NPIL_81845",0,0,0,0
"NPIL_81846",0,0,0,0
"NPIL_81847",0,0,0,0
"NPIL_81848",0,0,0,0
"NPIL_81849",0,0,0,0
"NPIL_81850",0,0,0,0
"NPIL_81851_1",0,0,0,0
"NPIL_81852",0,0,0,0
"NPIL_81853",60.4262248647925,56.2012886696926,240.879112507063,82.3935527976563
"NPIL_81854",0,0,0,0
"NPIL_81855",0,0,0,0
"NPIL_81857",0,0,41.2616998275988,0
"NPIL_81856",0,0,0,0
"NPIL_81858",0,0,0,0
"NPIL_81859",0,0,0,0
"NPIL_81860",0,0,0,0
"NPIL_81861_1",0,0,0,0
"NPIL_81862",0,0,0,0
"NPIL_81863",0,0,0,0
"NPIL_81864",0,0,101.741177657093,0
"NPIL_81865",0,0,0,0
"NPIL_81866",0,0,0,0
"NPIL_80129",65988.4627482784,27787.2964073959,9539.21161048041,52398.436140057
"NPIL_80130",0,0,0,0
"NPIL_80131_1",15889.6610446136,9928.53386891828,6067.44335892585,15534.4233714209
"NPIL_81868",0,0,20.6308499137994,0
"NPIL_81867",0,0,20.6308499137994,0
"NPIL_81871_1",0,0,0,0
"NPIL_81870",0,0,0,0
"NPIL_81869",0,0,82.5233996551975,0
"NPIL_81872",0,0,0,0
"NPIL_81873",0,0,0,0
"NPIL_81874",0,0,0,0
"NPIL_81875",0,0,0,0
"NPIL_81880",0,0,0,0
"NPIL_81879",0,0,0,0
"NPIL_81876",0,0,0,0
"NPIL_81877",0,0,0,0
"NPIL_81878",0,0,17.0738068252133,0
"NPIL_81881_1",0,0,0,0
"NPIL_81883",0,0,0,0
"NPIL_81882",0,0,0,0
"NPIL_81884",0,0,0,0
"NPIL_81888",0,0,0,0
"NPIL_81887",0,0,0,0
"NPIL_81886",0,0,247.570198965593,0
"NPIL_81885",0,0,0,0
"NPIL_81889",0,0,0,0
"NPIL_80138",72.1597828147284,85.8184757146734,61.3030968867182,130.652633721998
"NPIL_81892",0,0,0,0
"NPIL_81891_1",0,0,0,0
"NPIL_81890",0,0,0,0
"NPIL_81893",0,0,0,0
"NPIL_81894",0,0,0,0
"NPIL_81895",0,0,0,0
"NPIL_80166",26.6163133333015,556.994914494274,3673.76491679299,13.6096493460414
"NPIL_80171_1",0,0,0,0
"NPIL_81896",0,0,0,0
"NPIL_80290",0,0,6.75191451724343,0
"NPIL_81897",0,140.503221674231,40.1465187511772,0
"NPIL_81898",0,0,0,0
"NPIL_81899",0,113.942338672801,732.536479131068,0
"NPIL_81900",0,0,0,0
"NPIL_81901_1",0,0,0,0
"NPIL_81902",0,0,20.3482355314186,0
"NPIL_81903",0,497.895923566713,1276.20694114658,0
"NPIL_81904",0,0,67.5191451724343,0
"NPIL_81905",0,0,0,0
"NPIL_80283",0,0,0,0
"NPIL_81906",0,0,0,0
"NPIL_80144",0,0,27.7648821269823,0
"NPIL_81907",0,0,0,0
"NPIL_81908",0,0,61.8925497413981,0
"NPIL_81909",0,0,0,0
"NPIL_81910",0,0,0,0
"NPIL_81911_1",0,0,0,0
"NPIL_81912",0,0,0,0
"NPIL_81913",0,0,284.87529743986,0
"NPIL_81914",0,0,0,0
"NPIL_81915",0,0,0,0
"NPIL_81916",0,0,40.6964710628371,0
"NPIL_81917",0,0,0,0
"NPIL_81918",0,0,0,0
"NPIL_81919",0,0,0,0
"NPIL_81920",0,0,0,0
"NPIL_81921",0,0,0,0
"NPIL_81922",0,0,123.785099482796,0
"NPIL_81923",0,0,40.6964710628371,0
"NPIL_81924",0,0,40.6964710628371,0
"NPIL_80240",0,0,0,0
"NPIL_81925",0,28.881217788592,20.6308499137994,0
"NPIL_81926",0,0,38.5823686699625,0
"NPIL_81927",0,0,0,0
"NPIL_81928",0,0,0,0
"NPIL_81929",0,0,20.3482355314186,0
"NPIL_81930",0,0,0,0
"NPIL_81931_1",0,0,0,0
"NPIL_81932",0,0,0,0
"NPIL_81933",0,0,0,0
"NPIL_81934",0,0,0,0
"NPIL_81935",0,0,0,0
"NPIL_81936",0,0,0,0
"NPIL_81937",0,0,0,0
"NPIL_81945",0,0,0,0
"NPIL_81944",0,0,0,0
"NPIL_81943",0,0,0,0
"NPIL_81938",0,0,0,0
"NPIL_81939",0,0,0,0
"NPIL_81940",0,0,0,0
"NPIL_81941_1",0,0,0,0
"NPIL_81942",0,0,0,0
"NPIL_80202",0,0,0,0
"NPIL_81946",0,0,0,0
"NPIL_81947",0,0,0,0
"NPIL_81948",0,0,0,0
"NPIL_80183",0,0,0,0
"NPIL_81949",0,0,0,0
"NPIL_81950",0,0,142.43764871993,0
"NPIL_81951_1",0,0,0,0
"NPIL_81952",0,0,0,0
"NPIL_80176",0,0,0,0
"NPIL_81953",0,57.762435577184,1010.91164577617,21.1705656493978
"NPIL_81954",0,0,470.9872077882,0
"NPIL_81955",0,0,83.6857010587918,0
"NPIL_81956",0,0,0,0
"NPIL_81957",0,0,0,0
"NPIL_81958",0,0,0,0
"NPIL_81961",0,0,82.5233996551975,0
"NPIL_81960",0,28.881217788592,0,0
"NPIL_81959",0,85.456754004601,0,0
"NPIL_81962",0,0,0,0
"NPIL_81963",0,0,0,0
"NPIL_81969",0,0,61.8925497413981,0
"NPIL_81968",0,0,268.201048879392,0
"NPIL_81964",0,142.427923341002,40.6964710628371,0
"NPIL_81965",0,142.427923341002,20.3482355314186,0
"NPIL_81967",0,0,0,0
"NPIL_81966",0,0,0,0
"NPIL_81970",0,0,103.154249568997,0
"NPIL_80219",0,408.462937295801,716.185218436178,13.6096493460414
"NPIL_81971_1",0,0,20.6308499137994,0
"NPIL_81972",10.2089968949649,0,0,0
"NPIL_81973",0,0,35.3671712807989,0
"NPIL_81974",0,0,20.6308499137994,21.1705656493978
"NPIL_81975",0,0,0,0
"NPIL_80181_1",0,0,28.0268149772369,0
"NPIL_81976",0,0,0,0
"NPIL_81977",0,0,0,0
"NPIL_81978",9.08849723576147,0,0,0
"NPIL_81979",0,50.7182361165518,72.4595704289539,0
"NPIL_81980",0,0,0,0
"NPIL_81981_1",0,0,20.6308499137994,0
"NPIL_81982",0,0,0,0
"NPIL_81983",0,0,0,0
"NPIL_81984",0,0,0,0
"NPIL_81985",0,0,0,0
"NPIL_81986",0,0,0,0
"NPIL_80288",0,0,1.16412319262818,0
"NPIL_81987",0,0,20.3482355314186,0
"NPIL_81988",0,0,0,0
"NPIL_81989",0,0,0,0
"NPIL_81990",0,0,0,0
"NPIL_81991_1",0,56.9711693364007,61.0447065942557,0
"NPIL_81992",0,86.643653365776,185.677649224194,0
"NPIL_81993",0,28.881217788592,41.2616998275988,0
"NPIL_81994",0,0,0,0
"NPIL_81995",0,85.456754004601,40.6964710628371,0
"NPIL_81996",0,0,18.1148926072385,0
"NPIL_81997",0,0,0,0
"NPIL_81998",0,0,0,0
"NPIL_81999",0,0,0,0
"NPIL_82012",0,0,0,0
"NPIL_82000",0,0,0,0
"NPIL_82001",0,103.972384038931,18.5677649224194,0
"NPIL_82002",0,0,0,0
"NPIL_82003",0,0,0,0
"NPIL_82004",0,0,0,0
"NPIL_82005",0,0,0,0
"NPIL_82006",0,0,0,0
"NPIL_82011",0,0,0,0
"NPIL_82007",0,0,0,0
"NPIL_82008",0,0,0,0
"NPIL_82009",0,0,0,0
"NPIL_82010",0,0,0,0
"NPIL_82013",0,0,82.5233996551975,0
"NPIL_82014",0,0,0,0
"NPIL_82015",20.7015770370122,0,0,0
"NPIL_82016",0,0,41.2616998275988,0
"NPIL_82017",0,0,0,0
"NPIL_82018",0,0,0,0
"NPIL_82020",0,0,0,0
"NPIL_82019",0,0,0,0
"NPIL_82021",0,0,0,0
"NPIL_82024",0,0,0,0
"NPIL_82023",0,0,0,0
"NPIL_82022",20.7015770370122,144.40608894296,82.5233996551975,0
"NPIL_82025",0,0,0,0
"NPIL_82026",0,0,144.919140857908,0
"NPIL_82027",0,0,0,0
"NPIL_82028",0,0,0,0
"NPIL_82030",326.687900638878,3418.27016018404,1302.28707401079,167.044463206207
"NPIL_82029",0,1067.82448472416,983.589709403841,0
"NPIL_80168",1641.60204968672,13381.411613211,2045.41483291163,13749.7760317911
"NPIL_82031_1",0,0,20.6308499137994,0
"NPIL_82036",0,0,0,0
"NPIL_82035",10.3507885185061,0,61.8925497413981,0
"NPIL_82032",0,0,0,0
"NPIL_82034",0,0,20.6308499137994,0
"NPIL_82033",0,0,0,0
"NPIL_82037",0,0,0,0
"NPIL_82038",0,0,40.6964710628371,0
"NPIL_80234",0,0,0,0
"NPIL_82039",20.1420749549308,84.3019330045388,40.1465187511772,0
"NPIL_82040",0,0,0,0
"NPIL_82041_1",0,0,80.2930375023543,0
"NPIL_82043",0,0,0,0
"NPIL_82042",0,0,17.4755434563948,0
"NPIL_82044",0,0,0,0
"NPIL_82054",0,0,284.87529743986,0
"NPIL_82053",0,0,41.2616998275988,0
"NPIL_82052",0,0,41.2616998275988,0
"NPIL_82051_1",0,0,0,0
"NPIL_82050",0,0,366.268239565534,20.8805579007759
"NPIL_82049",0,0,0,0
"NPIL_82048",0,0,0,0
"NPIL_82047",0,0,0,0
"NPIL_82046",0,0,0,0
"NPIL_82045",0,0,0,0
"NPIL_80127",1.27394320227768,0,5.07836305570446,5.21121615985177
"NPIL_82055",0,0,0,0
"NPIL_82056",0,0,0,0
"NPIL_82058",0,0,20.3482355314186,0
"NPIL_82057",0,0,0,0
"NPIL_82059",0,0,0,0
"NPIL_82060",0,0,0,0
"NPIL_80137",0,0,45.0127634482896,0
"NPIL_80179",0,0,4.99021677646211,0
"NPIL_82061_1",0,0,41.2616998275988,0
"NPIL_82062",0,0,0,0
"NPIL_82063",0,0,190.982724916314,0
"NPIL_82064",0,0,391.986148362188,0
"NPIL_82065",0,0,61.8925497413981,0
"NPIL_82066",0,0,0,0
"NPIL_82067",0,0,0,0
"NPIL_82078",0,0,0,0
"NPIL_82077",0,0,61.0447065942557,0
"NPIL_82068",0,0,0,0
"NPIL_82069",0,0,61.8925497413981,0
"NPIL_82070",0,0,0,0
"NPIL_82071_1",0,0,0,0
"NPIL_82076",0,0,0,0
"NPIL_82075",0,0,0,0
"NPIL_82072",0,0,0,0
"NPIL_82073",0,0,40.6964710628371,0
"NPIL_82074",0,57.762435577184,61.8925497413981,0
"NPIL_82079",0,0,0,0
"NPIL_82080",0,380.743941551016,292.899953705771,0
"NPIL_82085",0,0,165.046799310395,0
"NPIL_82084",0,0,122.089413188511,0
"NPIL_82083",0,0,515.771247844984,0
"NPIL_82082",0,0,123.785099482796,0
"NPIL_82081_1",0,0,0,0
"NPIL_82086",0,0,0,0
"NPIL_82087",0,0,41.2616998275988,0
"NPIL_82093",20.7015770370122,0,20.6308499137994,0
"NPIL_82088",0,0,61.8925497413981,0
"NPIL_82092",0,0,20.3482355314186,0
"NPIL_82091_1",0,0,20.6308499137994,0
"NPIL_82089",0,0,41.2616998275988,0
"NPIL_82090",0,0,41.2616998275988,0
"NPIL_82094",0,0,80.2930375023543,0
"NPIL_82095",0,0,20.0732593755886,0
"NPIL_82096",0,0,0,0
"NPIL_82097",0,0,82.5233996551975,0
"NPIL_82098",0,0,82.5233996551975,0
"NPIL_82099",0,0,0,0
"NPIL_82101_1",0,0,0,21.4687426303752
"NPIL_82100",0,0,0,0
"NPIL_82102",0,0,0,0
"NPIL_82103",0,0,0,0
"NPIL_82104",0,0,0,0
"NPIL_82105",0,0,0,0
"NPIL_82110",0,0,20.6308499137994,0
"NPIL_82109",0,0,268.201048879392,0
"NPIL_82108",0,0,41.2616998275988,0
"NPIL_82107",0,0,371.355298448389,0
"NPIL_82106",0,0,103.154249568997,0
"NPIL_82111_1",0,0,0,0
"NPIL_82112",0,0,0,0
"NPIL_82113",0,0,41.2616998275988,0
"NPIL_82114",0,0,0,0
"NPIL_82115",0,0,0,0
"NPIL_82123",0,0,0,0
"NPIL_82122",0,0,0,0
"NPIL_82121_1",0,0,0,0
"NPIL_82116",0,0,0,0
"NPIL_82117",0,0,0,0
"NPIL_82118",0,0,0,0
"NPIL_82119",0,0,0,0
"NPIL_82120",0,0,0,0
"NPIL_82124",0,0,0,0
"NPIL_82126",0,0,0,0
"NPIL_82125",0,0,0,0
"NPIL_82127",0,0,0,0
"NPIL_82128",0,0,0,0
"NPIL_82130",0,0,0,0
"NPIL_82129",0,0,0,0
"NPIL_82131_1",0,0,0,0
"NPIL_80199",0,0,0,0
"NPIL_82132",0,0,103.154249568997,0
"NPIL_82134",0,0,0,0
"NPIL_82133",0,0,0,0
"NPIL_82135",0,0,0,0
"NPIL_82136",0,0,0,0
"NPIL_82137",0,56.9711693364007,997.06354103951,0
"NPIL_82138",0,0,20.3482355314186,0
"NPIL_82139",0,0,0,0
"NPIL_82140",0,0,0,0
"NPIL_80264",0,0,0,0
"NPIL_82141_1",0,0,0,0
"NPIL_82142",0,0,0,0
"NPIL_82143",0,0,0,0
"NPIL_82144",0,0,0,0
"NPIL_82145",0,0,0,0
"NPIL_82146",0,0,0,0
"NPIL_82147",0,56.9711693364007,40.6964710628371,0
"NPIL_82148",0,0,0,0
"NPIL_82149",0,0,20.3482355314186,0
"NPIL_82163",0,0,40.6964710628371,0
"NPIL_82150",0,0,0,0
"NPIL_82162",0,0,0,0
"NPIL_82161_1",0,0,0,0
"NPIL_82160",0,0,0,0
"NPIL_82159",0,0,0,0
"NPIL_82158",0,0,0,0
"NPIL_82157",0,0,0,0
"NPIL_82156",0,0,0,0
"NPIL_82155",0,0,0,0
"NPIL_82154",0,0,0,0
"NPIL_82153",10.2089968949649,56.9711693364007,1139.50118975944,0
"NPIL_82152",10.2089968949649,56.9711693364007,671.491772536813,0
"NPIL_82151_1",0,0,41.8428505293959,0
"NPIL_82164",0,0,0,0
"NPIL_82166",0,0,0,0
"NPIL_82165",0,0,20.6308499137994,0
"NPIL_82167",0,0,40.1465187511772,0
"NPIL_82171_1",0,0,0,0
"NPIL_82170",0,0,0,0
"NPIL_82169",0,0,0,0
"NPIL_82168",0,0,0,0
"NPIL_82172",0,0,0,0
"NPIL_82173",0,0,0,0
"NPIL_82176",0,0,0,0
"NPIL_82175",0,28.4855846682003,20.3482355314186,20.8805579007759
"NPIL_82174",0,0,0,0
"NPIL_82177",0,0,0,0
"NPIL_80128",0,0,13.2626892302996,0
"NPIL_82189",0,0,0,0
"NPIL_82178",0,0,0,0
"NPIL_82179",0,0,0,41.7611158015518
"NPIL_82180",0,0,0,0
"NPIL_82181_1",0,0,61.0447065942557,0
"NPIL_82188",0,0,0,0
"NPIL_82187",0,0,40.6964710628371,0
"NPIL_82186",0,0,0,0
"NPIL_82185",0,0,0,0
"NPIL_82182",0,0,0,0
"NPIL_82183",30.6269906848948,0,0,0
"NPIL_82184",0,0,0,0
"NPIL_82190",0,0,0,0
"NPIL_82191_1",0,0,0,0
"NPIL_82192",0,0,41.2616998275988,0
"NPIL_82193",0,0,0,0
"NPIL_82194",0,0,20.3482355314186,0
"NPIL_82195",0,0,19.5450157078099,0
"NPIL_82196",0,0,0,0
"NPIL_82197",0,0,0,0
"NPIL_82198",0,0,0,0
"NPIL_82199",0,28.4855846682003,20.3482355314186,0
"NPIL_82200",0,0,159.152270763595,0
"NPIL_82201_1",0,0,0,0
"NPIL_80150",376.713228907385,253.28229972943,195.402544372356,398.24386831827
"NPIL_82205",0,0,41.2616998275988,21.1705656493978
"NPIL_82204",0,0,0,0
"NPIL_82203",0,0,0,0
"NPIL_82202",0,25.3591180582759,1159.35312686326,0
"NPIL_80200",0,0,0,0
"NPIL_82206",0,0,0,0
"NPIL_82207",0,0,0,0
"NPIL_82208",0,0,80.2930375023543,0
"NPIL_82209",0,0,0,0
"NPIL_82210",0,0,19.0438614588917,0
"NPIL_82211_1",0,0,0,0
"NPIL_82212",0,0,0,0
"NPIL_82213",0,0,0,0
"NPIL_82214",0,0,0,0
"NPIL_82215",0,0,0,0
"NPIL_82216",0,0,0,0
"NPIL_82217",0,28.881217788592,61.8925497413981,0
"NPIL_82218",0,0,0,0
"NPIL_82219",0,0,0,0
"NPIL_82221_1",0,0,0,0
"NPIL_82220",0,0,0,0
"NPIL_82222",0,0,0,0
"NPIL_82223",0,0,64.5835301649372,0
"NPIL_82224",0,0,366.268239565534,0
"NPIL_82225",0,0,162.785884251349,41.7611158015518
"NPIL_82226",0,0,0,0
"NPIL_82227",0,0,0,0
"NPIL_82228",0,0,0,0
"NPIL_80204",0,0,0,0
"NPIL_82229",0,0,0,0
"NPIL_82230",0,0,0,0
