Gene ID,protein_id,Preferred_Name,KEGG_KO,KEGG_Pathway,KEGG_Module,KEGG_EC,KEGG_BRITE,sseqid,pident,evalue,bitscore,NPFM1,NPFM2,NPFM3,NPFM4,Protein Description,GO_Terms,eggNOG_OGs,Pfam_Domains,Mean_FPKM,Log2_Mean_FPKM,Category,Peptide_Family,Biological_Role,Expressed_in_Transcriptome
,GFS43701.1,,,,,,,7668.SPU_018446-tr,25.4,6.510000000000001e-32,135.0,0.0,0.0,0.0,0.0,FMRFamide-activated amiloride-sensitive sodium channel [Nephila pilipes],,"3A1NW@33154,3BQRT@33208,3D7DE@33213,KOG4294@1,KOG4294@2759",ASC,0.0,0.0,Precursor,Proctolin / FMRF / Tachykinin,Myoactive & Neuromodulation,No
,GFS49750.1,,,,,,,6669.EFX74799,70.3,2.65e-20,85.1,0.0,0.0,0.0,0.0,dopamine D2-like receptor [Nephila pilipes],,"398YN@33154,3CD5C@33208,3DBAR@33213,420WZ@6656,KOG3656@1,KOG3656@2759",7tm_1,0.0,0.0,Receptor,Biogenic Amine GPCR Receptors,Octopamine / 5-HT / Dopamine,No
,GFS49757.1,8229547,ko:K14049,"ko04080,map04080",,,"ko04030,ko00001,ko00000",121225.PHUM286710-PA,48.2,6.049999999999999e-104,321.0,0.0,0.0,0.0,0.0,dopamine D2-like receptor [Nephila pilipes],,"38YTH@33154,3BBPS@33208,3CZGR@33213,3ECF6@33342,3SHI5@50557,41VEF@6656,KOG3656@1,KOG3656@2759",7tm_1,0.0,0.0,Receptor,Biogenic Amine GPCR Receptors,Octopamine / 5-HT / Dopamine,No
,GFS51923.1,8234084,ko:K04225,"ko04080,map04080",,,"ko04030,ko00001,ko00000",121225.PHUM129610-PA,49.2,3.16e-29,116.0,0.0,0.0,0.0,0.0,tachykinin-like peptides receptor 99D [Nephila pilipes],,"38C5T@33154,3BAJ8@33208,3D3CS@33213,3E9GC@33342,3SG5V@50557,41VFV@6656,KOG4219@1,KOG4219@2759",7tm_1,0.0,0.0,Precursor,Proctolin / FMRF / Tachykinin,Myoactive & Neuromodulation,No
,GFS57924.1,,,,,,,126957.SMAR001034-PA,52.9,6.93e-127,378.0,0.0,0.0,0.0,0.0,octopamine receptor beta-2R [Nephila pilipes],,"38YQB@33154,3BCYC@33208,3CU7S@33213,41X1R@6656,KOG3656@1,KOG3656@2759",7tm_1,0.0,0.0,Receptor,Biogenic Amine GPCR Receptors,Octopamine / 5-HT / Dopamine,No
,GFS67696.1,,,,,,,126957.SMAR013675-PA,58.1,2.3999999999999997e-41,143.0,0.0,0.0,0.0,0.0,partner of bursicon [Nephila pilipes],,"2BCWZ@1,2S111@2759,3A5CJ@33154,3BRX7@33208,3D8Q3@33213,41ZUV@6656",,0.0,0.0,Precursor,Bursicon (Alpha/Beta),Cuticle Sclerotization,No
,GFS67698.1,107371072,,,,,,32264.tetur02g05570.1,72.9,3.12e-61,193.0,0.0,0.0,0.0,0.0,bursicon [Nephila pilipes],,"3A1H6@33154,3BR81@33208,3D764@33213,41ZEX@6656,KOG1216@1,KOG1216@2759",DAN,0.0,0.0,Precursor,Bursicon (Alpha/Beta),Cuticle Sclerotization,No
,GFS74110.1,,ko:K04225,"ko04080,map04080",,,"ko04030,ko00001,ko00000",7425.NV10406-PA,43.9,2.03e-57,195.0,0.0,0.0,0.0,0.0,"tachykinin-like peptides receptor 86C, partial [Nephila pilipes]",,"38C5T@33154,3BE9X@33208,3D079@33213,3SHE7@50557,41TY3@6656,46GPT@7399,KOG4219@1,KOG4219@2759",7tm_1,0.0,0.0,Precursor,Proctolin / FMRF / Tachykinin,Myoactive & Neuromodulation,No
,GFS79000.1,,,,,,,126957.SMAR007310-PA,53.6,1.04e-99,307.0,0.0,0.0,0.0,0.0,FMRFamide receptor [Nephila pilipes],,"39V6H@33154,3BKGC@33208,3CYDJ@33213,41V0U@6656,KOG3656@1,KOG3656@2759",7tm_1,0.0,0.0,Precursor,Proctolin / FMRF / Tachykinin,Myoactive & Neuromodulation,No
,GFS90766.1,,,,,,,126957.SMAR003308-PA,62.7,2.88e-162,476.0,0.0,0.0,0.0,0.0,dopamine receptor 2 [Nephila pilipes],,"38EWX@33154,3BB8F@33208,3CVUK@33213,41Y80@6656,KOG3656@1,KOG3656@2759",7tm_1,0.0,0.0,Receptor,Biogenic Amine GPCR Receptors,Octopamine / 5-HT / Dopamine,No
,GFS92216.1,,,,,,,7213.XP_004523571.1,43.2,4.18e-117,367.0,0.0,0.0,0.0,0.0,octopamine receptor Oamb [Nephila pilipes],,"39RAK@33154,3BIX7@33208,3CVJ9@33213,3SFU3@50557,41Y6Z@6656,44Z9V@7147,KOG3656@1,KOG3656@2759",7tm_1,0.0,0.0,Receptor,Biogenic Amine GPCR Receptors,Octopamine / 5-HT / Dopamine,No
,GFS93943.1,107361395,,,,,,32264.tetur06g01960.1,56.2,3.39e-126,387.0,0.0,0.0,0.0,0.0,FMRFamide receptor [Nephila pilipes],,"39WYU@33154,3BBIW@33208,3D3TP@33213,41WCN@6656,KOG3656@1,KOG3656@2759",7tm_1,0.0,0.0,Precursor,Proctolin / FMRF / Tachykinin,Myoactive & Neuromodulation,No
,GFT03106.1,,,,,,,13249.RPRC015456-PA,69.6,4.04e-33,132.0,0.0,0.0,0.0,0.0,octopamine receptor [Nephila pilipes],,"38GZN@33154,3BC1G@33208,3CS9S@33213,3EA16@33342,3SIBS@50557,41TV2@6656,KOG3656@1,KOG3656@2759",7tm_1,0.0,0.0,Receptor,Biogenic Amine GPCR Receptors,Octopamine / 5-HT / Dopamine,No
,GFT12372.1,,ko:K04209,"ko04080,map04080",,,"ko04030,ko00001,ko00000",7029.ACYPI007664-PA,36.7,1.4800000000000002e-64,218.0,0.0,0.0,0.0,0.0,neuropeptide F receptor [Nephila pilipes],,"3AKCY@33154,3C07S@33208,3DG3R@33213,3EAPC@33342,3SYZ6@50557,422DE@6656,KOG3656@1,KOG3656@2759",7tm_1,0.0,0.0,Precursor,NPF / short NPF (sNPF),"Feeding, Foraging & Locomotion",No
,GFT17287.1,,,,,,,13249.RPRC014242-PA,54.9,4.68e-19,84.3,0.0,0.0,0.0,0.0,eclosion hormone [Nephila pilipes],,"2C5IN@1,2S767@2759,3AAMY@33154,3BTXJ@33208,3DASN@33213,3EBCA@33342,3SPKP@50557,421A5@6656",Eclosion,0.0,0.0,Precursor,Ecdysis / Eclosion Hormone,Ecdysis Cascade Trigger,No
,GFT19208.1,101896103,ko:K04225,"ko04080,map04080",,,"ko04030,ko00001,ko00000",7370.XP_005175801.1,54.9,2.59e-36,135.0,0.0,0.0,0.0,0.0,tachykinin-like peptides receptor 86C [Nephila pilipes],,"38C5T@33154,3BAJ8@33208,3D3CS@33213,3SG5V@50557,41VFV@6656,4520F@7147,KOG4219@1,KOG4219@2759",7tm_1,0.0,0.0,Precursor,Proctolin / FMRF / Tachykinin,Myoactive & Neuromodulation,No
,GFT20755.1,,,,,,,126957.SMAR012159-PA,54.4,2.47e-91,285.0,0.0,0.0,0.0,0.0,neuropeptide SIFamide receptor [Nephila pilipes],,"38M3Q@33154,3BBX5@33208,3CXJK@33213,41UI5@6656,KOG3656@1,KOG3656@2759",7tm_1,0.0,0.0,Precursor,Proctolin / FMRF / Tachykinin,Myoactive & Neuromodulation,No
,GFT24210.1,,,,,,,69319.XP_008548361.1,51.0,6.15e-92,287.0,0.0,0.0,0.0,0.0,octopamine receptor beta-2R [Nephila pilipes],,"3992V@33154,3BBMZ@33208,3E40J@33213,3SGFJ@50557,41YD1@6656,46KKA@7399,KOG3656@1,KOG3656@2759",7tm_1,0.0,0.0,Receptor,Biogenic Amine GPCR Receptors,Octopamine / 5-HT / Dopamine,No
,GFT24545.1,,,,,,,32264.tetur08g04980.1,57.0,2.32e-166,482.0,0.0,0.0,0.0,0.0,octopamine receptor beta-2R [Nephila pilipes],,"3992V@33154,3BBMZ@33208,3E40J@33213,41WG1@6656,KOG3656@1,KOG3656@2759",7tm_1,0.0,0.0,Receptor,Biogenic Amine GPCR Receptors,Octopamine / 5-HT / Dopamine,No
,GFT32152.1,107361395,,,,,,32264.tetur06g01960.1,56.2,3.39e-126,387.0,0.0,0.0,0.0,0.0,FMRFamide receptor [Nephila pilipes],,"39WYU@33154,3BBIW@33208,3D3TP@33213,41WCN@6656,KOG3656@1,KOG3656@2759",7tm_1,0.0,0.0,Precursor,Proctolin / FMRF / Tachykinin,Myoactive & Neuromodulation,No
,GFT35062.1,,ko:K08375,"ko04080,map04080",,,"ko04030,ko00001,ko00000",7739.XP_002604717.1,25.5,3.13e-10,67.0,0.0,0.0,0.0,0.0,putative Neuropeptide Y receptor [Nephila pilipes],,"3A4J0@33154,3BRY3@33208,3E6AB@33213,KOG3656@1,KOG3656@2759",7tm_1,0.0,0.0,Precursor,NPF / short NPF (sNPF),"Feeding, Foraging & Locomotion",No
,GFT36389.1,8229547,ko:K14049,"ko04080,map04080",,,"ko04030,ko00001,ko00000",121225.PHUM286710-PA,49.2,6.58e-116,352.0,0.0,0.0,0.0,0.0,dopamine D2-like receptor [Nephila pilipes],,"38YTH@33154,3BBPS@33208,3CZGR@33213,3ECF6@33342,3SHI5@50557,41VEF@6656,KOG3656@1,KOG3656@2759",7tm_1,0.0,0.0,Receptor,Biogenic Amine GPCR Receptors,Octopamine / 5-HT / Dopamine,No
,GFT38647.1,107361395,,,,,,32264.tetur06g01960.1,56.2,3.39e-126,387.0,0.0,0.0,0.0,0.0,FMRFamide receptor [Nephila pilipes],,"39WYU@33154,3BBIW@33208,3D3TP@33213,41WCN@6656,KOG3656@1,KOG3656@2759",7tm_1,0.0,0.0,Precursor,Proctolin / FMRF / Tachykinin,Myoactive & Neuromodulation,No
,GFT39613.1,LOC658644,ko:K04225,"ko04080,map04080",,,"ko04030,ko00001,ko00000",7070.TC011198-PA,55.0,5.41e-30,119.0,0.0,0.0,0.0,0.0,tachykinin-like peptides receptor 99D [Nephila pilipes],,"38C5T@33154,3BE9X@33208,3D079@33213,3SHE7@50557,41TY3@6656,KOG4219@1,KOG4219@2759",7tm_1,0.0,0.0,Precursor,Proctolin / FMRF / Tachykinin,Myoactive & Neuromodulation,No
,GFT40450.1,Eh,,,,,,7070.TC030006-PA,46.6,8.05e-19,79.7,0.0,0.0,0.0,0.0,eclosion hormone [Nephila pilipes],,"2C5IN@1,2S767@2759,3AAMY@33154,3BTXJ@33208,3DASN@33213,3SPKP@50557,421A5@6656",Eclosion,0.0,0.0,Precursor,Ecdysis / Eclosion Hormone,Ecdysis Cascade Trigger,No
,GFT40687.1,,,,,,,13249.RPRC014093-PA,68.0,2.16e-142,416.0,0.0,0.0,0.0,0.0,dopamine receptor 1 [Nephila pilipes],,"38G6G@33154,3B9BF@33208,3CU6D@33213,3E7EZ@33342,3SH6D@50557,41XYG@6656,KOG3656@1,KOG3656@2759",7tm_1,0.0,0.0,Receptor,Biogenic Amine GPCR Receptors,Octopamine / 5-HT / Dopamine,No
,GFT40702.1,107359323,ko:K04169,"ko04080,map04080,map04020,ko04020",,,"ko04030,ko00001,ko00000",32264.tetur03g04250.1,50.8,3.84e-121,365.0,0.0,0.0,0.0,0.0,neuropeptide CCHamide-1 receptor [Nephila pilipes],,"39MUR@33154,3CPE7@33208,3E5J6@33213,41TE6@6656,KOG4219@1,KOG4219@2759",7tm_1,0.0,0.0,Receptor,NPF / NPY GPCR Receptor,G-protein Coupled Receptor (Family A),No
,GFT42598.1,107365352,ko:K04225,"ko04080,map04080",,,"ko04030,ko00001,ko00000",32264.tetur14g00960.1,40.7,7.21e-46,165.0,0.0,0.0,0.0,0.0,putative neuropeptide receptor [Nephila pilipes],,"KOG3656@1,KOG3656@2759",7tm_1,0.0,0.0,Receptor,NPF / NPY GPCR Receptor,G-protein Coupled Receptor (Family A),No
,GFT43203.1,107365326,ko:K05053,"ko04080,map04080",,,"ko04030,ko00001,ko00000",32264.tetur14g02540.1,52.1,5.2800000000000005e-80,261.0,0.0,0.0,0.0,0.0,neuropeptides capa receptor [Nephila pilipes],,"39535@33154,3BGH7@33208,3CR94@33213,KOG3656@1,KOG3656@2759",7tm_1,0.0,0.0,Receptor,NPF / NPY GPCR Receptor,G-protein Coupled Receptor (Family A),No
,GFT47590.1,,ko:K04209,"ko04080,map04080",,,"ko04030,ko00001,ko00000",7029.ACYPI007664-PA,36.3,5.41e-69,229.0,0.0,0.0,0.0,0.0,neuropeptide F receptor [Nephila pilipes],,"3AKCY@33154,3C07S@33208,3DG3R@33213,3EAPC@33342,3SYZ6@50557,422DE@6656,KOG3656@1,KOG3656@2759",7tm_1,0.0,0.0,Precursor,NPF / short NPF (sNPF),"Feeding, Foraging & Locomotion",No
,GFT58735.1,,,,,,,10224.XP_006813344.1,26.7,3.53e-50,190.0,0.0,0.0,0.0,0.0,FMRFamide-activated amiloride-sensitive sodium channel [Nephila pilipes],,"3A1NW@33154,3BQRT@33208,3D7DE@33213,KOG4294@1,KOG4294@2759",ASC,0.0,0.0,Precursor,Proctolin / FMRF / Tachykinin,Myoactive & Neuromodulation,No
,GFT59319.1,107365326,ko:K05053,"ko04080,map04080",,,"ko04030,ko00001,ko00000",32264.tetur14g02540.1,52.3,1.03e-87,279.0,0.0,0.0,0.0,0.0,neuropeptides capa receptor [Nephila pilipes],,"39535@33154,3BGH7@33208,3CR94@33213,KOG3656@1,KOG3656@2759",7tm_1,0.0,0.0,Receptor,NPF / NPY GPCR Receptor,G-protein Coupled Receptor (Family A),No
,GFT61260.1,,,,,,,7668.SPU_000498-tr,25.7,3.87e-19,98.2,0.0,0.0,0.0,0.0,octopamine receptor beta-2R [Nephila pilipes],,"38VSF@33154,3BBQI@33208,3CRJK@33213,KOG3656@1,KOG3656@2759",7tm_1,0.0,0.0,Receptor,Biogenic Amine GPCR Receptors,Octopamine / 5-HT / Dopamine,No
,GFT61881.1,,,,,,,10224.XP_006813344.1,27.6,1.93e-49,187.0,0.0,0.0,0.0,0.0,FMRFamide-activated amiloride-sensitive sodium channel [Nephila pilipes],,"3A1NW@33154,3BQRT@33208,3D7DE@33213,KOG4294@1,KOG4294@2759",ASC,0.0,0.0,Precursor,Proctolin / FMRF / Tachykinin,Myoactive & Neuromodulation,No
,GFT65748.1,LOC658644,ko:K04225,"ko04080,map04080",,,"ko04030,ko00001,ko00000",7070.TC011198-PA,55.0,5.41e-30,119.0,0.0,0.0,0.0,0.0,tachykinin-like peptides receptor 99D [Nephila pilipes],,"38C5T@33154,3BE9X@33208,3D079@33213,3SHE7@50557,41TY3@6656,KOG4219@1,KOG4219@2759",7tm_1,0.0,0.0,Precursor,Proctolin / FMRF / Tachykinin,Myoactive & Neuromodulation,No
,GFT67148.1,,ko:K04153,"ko04742,ko04024,map04024,ko04080,map04080,map04726,ko04726,map04742",,,"ko04030,ko00001,ko00000",10224.XP_006812999.1,41.6,1.27e-84,276.0,0.0,0.0,0.0,0.0,octopamine receptor [Nephila pilipes],,"38YQB@33154,3BCYC@33208,3CU7S@33213,KOG3656@1,KOG3656@2759",7tm_1,0.0,0.0,Receptor,Biogenic Amine GPCR Receptors,Octopamine / 5-HT / Dopamine,No
,GFT67489.1,107366360,,,,,,32264.tetur18g00990.1,60.3,1.27e-112,336.0,0.0,0.0,0.0,0.0,"neuropeptide SIFamide receptor, partial [Nephila pilipes]",,"38M3Q@33154,3BBX5@33208,3CXJK@33213,41UI5@6656,KOG3656@1,KOG3656@2759",7tm_1,0.0,0.0,Precursor,Proctolin / FMRF / Tachykinin,Myoactive & Neuromodulation,No
,GFT68976.1,107365352,ko:K04225,"ko04080,map04080",,,"ko04030,ko00001,ko00000",32264.tetur14g00960.1,40.1,7.93e-52,180.0,0.0,0.0,0.0,0.0,putative neuropeptide receptor [Nephila pilipes],,"KOG3656@1,KOG3656@2759",7tm_1,0.0,0.0,Receptor,NPF / NPY GPCR Receptor,G-protein Coupled Receptor (Family A),No
,GFT68995.1,107365352,ko:K04225,"ko04080,map04080",,,"ko04030,ko00001,ko00000",32264.tetur14g00960.1,43.9,4.58e-28,114.0,0.0,0.0,0.0,0.0,putative neuropeptide receptor [Nephila pilipes],,"KOG3656@1,KOG3656@2759",7tm_1,0.0,0.0,Receptor,NPF / NPY GPCR Receptor,G-protein Coupled Receptor (Family A),No
,GFT73029.1,,,,,,,10224.XP_006815451.1,30.9,8.41e-26,115.0,0.0,0.0,0.0,0.0,"FMRFamide-activated amiloride-sensitive sodium channel, partial [Nephila pilipes]",,"3ANKF@33154,3C193@33208,3DHMF@33213,KOG4294@1,KOG4294@2759",ASC,0.0,0.0,Precursor,Proctolin / FMRF / Tachykinin,Myoactive & Neuromodulation,No
,GFT75485.1,107367295,ko:K04225,"ko04080,map04080",,,"ko04030,ko00001,ko00000",32264.tetur21g00830.1,64.2,4.81e-27,111.0,0.0,0.0,0.0,0.0,"tachykinin-like peptides receptor 86C, partial [Nephila pilipes]",,"38C5T@33154,3BAJ8@33208,3D3CS@33213,41VFV@6656,KOG4219@1,KOG4219@2759",7tm_1,0.0,0.0,Precursor,Proctolin / FMRF / Tachykinin,Myoactive & Neuromodulation,No
,GFT79776.1,107365352,ko:K04225,"ko04080,map04080",,,"ko04030,ko00001,ko00000",32264.tetur14g00960.1,38.1,4.9e-66,221.0,0.0,0.0,0.0,0.0,neuropeptide Y receptor type 2 [Nephila pilipes],,"KOG3656@1,KOG3656@2759",7tm_1,0.0,0.0,Precursor,NPF / short NPF (sNPF),"Feeding, Foraging & Locomotion",No
,GFT81271.1,,ko:K04209,"ko04080,map04080",,,"ko04030,ko00001,ko00000",32264.tetur18g02210.1,65.9,8.11e-145,425.0,0.0,0.0,0.0,0.0,neuropeptide F receptor [Nephila pilipes],,"38HKK@33154,3BAX7@33208,3CXQH@33213,41WXX@6656,KOG3656@1,KOG3656@2759",7tm_1,0.0,0.0,Precursor,NPF / short NPF (sNPF),"Feeding, Foraging & Locomotion",No
,GFT82701.1,,,,,,,32264.tetur05g00270.1,55.0,3.2900000000000007e-65,214.0,0.0,0.0,0.0,0.0,tachykinin-like peptides receptor 86C [Nephila pilipes],,"39NKT@33154,3CQ4Y@33208,3E6AC@33213,4225J@6656,KOG3656@1,KOG3656@2759",7tm_1,0.0,0.0,Precursor,Proctolin / FMRF / Tachykinin,Myoactive & Neuromodulation,No
,GFT88060.1,,,,,,,10224.XP_006823511.1,32.0,1.64e-09,64.7,0.0,0.0,0.0,0.0,FMRFamide-activated amiloride-sensitive sodium channel [Nephila pilipes],,"3A1FU@33154,3BPUF@33208,3D6DY@33213,KOG4294@1,KOG4294@2759","ASC,PAN_4",0.0,0.0,Precursor,Proctolin / FMRF / Tachykinin,Myoactive & Neuromodulation,No
,GFT89732.1,,,,,,,13249.RPRC008712-PA,57.7,3.32e-141,418.0,0.0,0.0,0.0,0.0,octopamine receptor [Nephila pilipes],,"38YQB@33154,3BCYC@33208,3CU7S@33213,3E7H5@33342,3SJUF@50557,41X1R@6656,KOG3656@1,KOG3656@2759",7tm_1,0.0,0.0,Receptor,Biogenic Amine GPCR Receptors,Octopamine / 5-HT / Dopamine,No
,GFT90145.1,107359323,ko:K04169,"ko04080,map04080,map04020,ko04020",,,"ko04030,ko00001,ko00000",32264.tetur03g04250.1,53.5,7.61e-109,333.0,0.0,0.0,0.0,0.0,neuropeptide CCHamide-1 receptor [Nephila pilipes],,"39MUR@33154,3CPE7@33208,3E5J6@33213,41TE6@6656,KOG4219@1,KOG4219@2759",7tm_1,0.0,0.0,Receptor,NPF / NPY GPCR Receptor,G-protein Coupled Receptor (Family A),No
,GFT95185.1,107365352,ko:K04225,"ko04080,map04080",,,"ko04030,ko00001,ko00000",32264.tetur14g00960.1,36.2,1.32e-62,213.0,0.0,0.0,0.0,0.0,neuropeptide Y receptor type 2 [Nephila pilipes],,"KOG3656@1,KOG3656@2759",7tm_1,0.0,0.0,Precursor,NPF / short NPF (sNPF),"Feeding, Foraging & Locomotion",No
,GFT97043.1,,ko:K04233,"ko04080,map04080",,,"ko04030,ko00001,ko00000",6669.EFX75149,68.2,3.67e-131,385.0,0.0,0.0,0.0,0.0,allatostatin-A receptor [Nephila pilipes],,"393BQ@33154,3B9CW@33208,3CZ4G@33213,41W0P@6656,KOG3656@1,KOG3656@2759",7tm_1,0.0,0.0,Precursor,Allatostatin (AST),Inhibition of Juvenile Hormone,No
,GFT98039.1,107361395,,,,,,32264.tetur06g01960.1,52.2,3.49e-116,360.0,0.0,0.0,0.0,0.0,FMRFamide receptor [Nephila pilipes],,"39WYU@33154,3BBIW@33208,3D3TP@33213,41WCN@6656,KOG3656@1,KOG3656@2759",7tm_1,0.0,0.0,Precursor,Proctolin / FMRF / Tachykinin,Myoactive & Neuromodulation,No
,GFT98912.1,,,,,,,126957.SMAR003308-PA,53.9,2.48e-157,462.0,0.0,0.0,0.0,0.0,dopamine receptor 2 [Nephila pilipes],,"38EWX@33154,3BB8F@33208,3CVUK@33213,41Y80@6656,KOG3656@1,KOG3656@2759",7tm_1,0.0,0.0,Receptor,Biogenic Amine GPCR Receptors,Octopamine / 5-HT / Dopamine,No
,GFT99372.1,,ko:K04209,"ko04080,map04080",,,"ko04030,ko00001,ko00000",32264.tetur29g01220.1,63.4,4.42e-149,443.0,0.0,0.0,0.0,0.0,neuropeptide Y receptor type 2 [Nephila pilipes],,"394WS@33154,3BD1T@33208,3CXAV@33213,41VE6@6656,KOG3656@1,KOG3656@2759",7tm_1,0.0,0.0,Precursor,NPF / short NPF (sNPF),"Feeding, Foraging & Locomotion",No
,GFU01854.1,,,,,,,12957.ACEP23699-PA,61.7,7.52e-31,117.0,0.0,0.0,0.0,0.0,neuropeptide SIFamide receptor [Nephila pilipes],,"3A9AS@33154,3BVB5@33208,3DBN6@33213,3SRG7@50557,422UD@6656,46M8W@7399,KOG3656@1,KOG3656@2759",7tm_1,0.0,0.0,Precursor,Proctolin / FMRF / Tachykinin,Myoactive & Neuromodulation,No
,GFU04482.1,107361395,,,,,,32264.tetur06g01960.1,56.2,3.39e-126,387.0,0.0,0.0,0.0,0.0,FMRFamide receptor [Nephila pilipes],,"39WYU@33154,3BBIW@33208,3D3TP@33213,41WCN@6656,KOG3656@1,KOG3656@2759",7tm_1,0.0,0.0,Precursor,Proctolin / FMRF / Tachykinin,Myoactive & Neuromodulation,No
,GFU17808.1,,,,,,,10224.XP_006813344.1,28.0,6.99e-49,186.0,0.0,0.0,0.0,0.0,FMRFamide-activated amiloride-sensitive sodium channel [Nephila pilipes],,"3A1NW@33154,3BQRT@33208,3D7DE@33213,KOG4294@1,KOG4294@2759",ASC,0.0,0.0,Precursor,Proctolin / FMRF / Tachykinin,Myoactive & Neuromodulation,No
,GFU17812.1,,,,,,,7668.SPU_018446-tr,27.0,1.03e-46,179.0,0.0,0.0,0.0,0.0,FMRFamide-activated amiloride-sensitive sodium channel [Nephila pilipes],,"3A1NW@33154,3BQRT@33208,3D7DE@33213,KOG4294@1,KOG4294@2759",ASC,0.0,0.0,Precursor,Proctolin / FMRF / Tachykinin,Myoactive & Neuromodulation,No
,GFU19419.1,,,,,,,126957.SMAR005245-PA,50.8,4.18e-98,308.0,0.0,0.0,0.0,0.0,octopamine receptor beta-1R [Nephila pilipes],,"3A2H6@33154,3BQIQ@33208,3D7BS@33213,KOG3656@1,KOG3656@2759",7tm_1,0.0,0.0,Receptor,Biogenic Amine GPCR Receptors,Octopamine / 5-HT / Dopamine,No
,GFU19421.1,,,,,,,126957.SMAR005245-PA,52.2,5.34e-99,306.0,0.0,0.0,0.0,0.0,octopamine receptor beta-1R [Nephila pilipes],,"3A2H6@33154,3BQIQ@33208,3D7BS@33213,KOG3656@1,KOG3656@2759",7tm_1,0.0,0.0,Receptor,Biogenic Amine GPCR Receptors,Octopamine / 5-HT / Dopamine,No
,GFU20438.1,,,,,,,7460.GB49648-PA,43.7,1.11e-14,70.5,0.0,0.0,0.0,0.0,eclosion hormone [Nephila pilipes],,"2C5IN@1,2S767@2759,3AAMY@33154,3BTXJ@33208,3DASN@33213,3SPKP@50557,421A5@6656,46J87@7399",Eclosion,0.0,0.0,Precursor,Ecdysis / Eclosion Hormone,Ecdysis Cascade Trigger,No
,GFU20780.1,,ko:K04209,"ko04080,map04080",,,"ko04030,ko00001,ko00000",7029.ACYPI007664-PA,36.1,1.43e-68,229.0,0.0,0.0,0.0,0.0,neuropeptide F receptor [Nephila pilipes],,"3AKCY@33154,3C07S@33208,3DG3R@33213,3EAPC@33342,3SYZ6@50557,422DE@6656,KOG3656@1,KOG3656@2759",7tm_1,0.0,0.0,Precursor,NPF / short NPF (sNPF),"Feeding, Foraging & Locomotion",No
,GFU29047.1,107365352,ko:K04225,"ko04080,map04080",,,"ko04030,ko00001,ko00000",32264.tetur14g00960.1,36.2,1.55e-36,140.0,0.0,0.0,0.0,0.0,putative neuropeptide receptor [Nephila pilipes],,"KOG3656@1,KOG3656@2759",7tm_1,0.0,0.0,Receptor,NPF / NPY GPCR Receptor,G-protein Coupled Receptor (Family A),No
,GFU35574.1,8240358,ko:K04225,"ko04080,map04080",,,"ko04030,ko00001,ko00000",121225.PHUM545910-PA,59.8,1e-105,319.0,0.0,0.0,0.0,0.0,tachykinin-like peptides receptor 99D [Nephila pilipes],,"38C5T@33154,3BE9X@33208,3D079@33213,3E7JE@33342,3SHE7@50557,41TY3@6656,KOG4219@1,KOG4219@2759",7tm_1,0.0,0.0,Precursor,Proctolin / FMRF / Tachykinin,Myoactive & Neuromodulation,No
,GFU37116.1,107362509,ko:K14072,,,,"ko04030,ko00000",32264.tetur08g06060.1,63.1,7.24e-32,123.0,0.0,0.0,0.0,0.0,tachykinin-like peptides receptor 99D [Nephila pilipes],,"39YI9@33154,3BGFM@33208,3D29K@33213,41Y71@6656,KOG3656@1,KOG3656@2759",7tm_1,0.0,0.0,Precursor,Proctolin / FMRF / Tachykinin,Myoactive & Neuromodulation,No
,GFU38714.1,,,,,,,13249.RPRC001551-PA,53.9,1.6e-100,310.0,0.0,0.0,0.0,0.0,FMRFamide receptor [Nephila pilipes],,"39V6H@33154,3BKGC@33208,3CYDJ@33213,3E7AE@33342,3SFNY@50557,41V0U@6656,KOG3656@1,KOG3656@2759",7tm_1,0.0,0.0,Precursor,Proctolin / FMRF / Tachykinin,Myoactive & Neuromodulation,No
,GFU38816.1,,,,,,,13249.RPRC008712-PA,56.3,4.99e-139,411.0,0.0,0.0,0.0,0.0,octopamine receptor [Nephila pilipes],,"38YQB@33154,3BCYC@33208,3CU7S@33213,3E7H5@33342,3SJUF@50557,41X1R@6656,KOG3656@1,KOG3656@2759",7tm_1,0.0,0.0,Receptor,Biogenic Amine GPCR Receptors,Octopamine / 5-HT / Dopamine,No
,GFU43201.1,8229547,ko:K14049,"ko04080,map04080",,,"ko04030,ko00001,ko00000",121225.PHUM286710-PA,47.8,7.32e-106,327.0,0.0,0.0,0.0,0.0,dopamine D2-like receptor [Nephila pilipes],,"38YTH@33154,3BBPS@33208,3CZGR@33213,3ECF6@33342,3SHI5@50557,41VEF@6656,KOG3656@1,KOG3656@2759",7tm_1,0.0,0.0,Receptor,Biogenic Amine GPCR Receptors,Octopamine / 5-HT / Dopamine,No
,GFU44452.1,107359310,ko:K04225,"ko04080,map04080",,,"ko04030,ko00001,ko00000",32264.tetur01g08520.1,61.1,1.33e-34,132.0,0.0,0.0,0.0,0.0,tachykinin-like peptides receptor 99D [Nephila pilipes],,"38C5T@33154,3BE9X@33208,3D079@33213,41TY3@6656,KOG4219@1,KOG4219@2759",7tm_1,0.0,0.0,Precursor,Proctolin / FMRF / Tachykinin,Myoactive & Neuromodulation,No
,GFU44644.1,G5I_06547,ko:K04225,"ko04080,map04080",,,"ko04030,ko00001,ko00000",103372.F4WLC2,72.6,1.9399999999999997e-54,177.0,0.0,0.0,0.0,0.0,tachykinin-like peptides receptor 99D [Nephila pilipes],,"3AMTM@33154,3C0E9@33208,3DGTZ@33213,3SR5E@50557,422IJ@6656,46N3A@7399,KOG4219@1,KOG4219@2759",7tm_1,0.0,0.0,Precursor,Proctolin / FMRF / Tachykinin,Myoactive & Neuromodulation,No
,GFU44826.1,,,,,,,6500.XP_005091611.1,50.2,3.26e-81,259.0,0.0,0.0,0.0,0.0,neuropeptide receptor 15 [Nephila pilipes],,"2CYE1@1,2S3T9@2759,39MFW@33154,3CP2R@33208,3E56S@33213",7tm_1,0.0,0.0,Receptor,NPF / NPY GPCR Receptor,G-protein Coupled Receptor (Family A),No
,GFU49607.1,,ko:K04233,"ko04080,map04080",,,"ko04030,ko00001,ko00000",6669.EFX75149,67.5,1.2e-131,386.0,0.0,0.0,0.0,0.0,allatostatin-A receptor [Nephila pilipes],,"393BQ@33154,3B9CW@33208,3CZ4G@33213,41W0P@6656,KOG3656@1,KOG3656@2759",7tm_1,0.0,0.0,Precursor,Allatostatin (AST),Inhibition of Juvenile Hormone,No
,GFU49609.1,,ko:K04233,"ko04080,map04080",,,"ko04030,ko00001,ko00000",6669.EFX75149,72.3,2.47e-43,151.0,0.0,0.0,0.0,0.0,allatostatin-A receptor [Nephila pilipes],,"393BQ@33154,3B9CW@33208,3CZ4G@33213,41W0P@6656,KOG3656@1,KOG3656@2759",7tm_1,0.0,0.0,Precursor,Allatostatin (AST),Inhibition of Juvenile Hormone,No
,GFU53887.1,,,,,,,7213.XP_004529189.1,55.5,6.830000000000002e-43,155.0,0.0,0.0,0.0,0.0,tachykinin-like peptides receptor 86C [Nephila pilipes],,"38C5T@33154,3BAJ8@33208,3D3CS@33213,3SG5V@50557,41VFV@6656,4520F@7147,KOG4219@1,KOG4219@2759",7tm_1,0.0,0.0,Precursor,Proctolin / FMRF / Tachykinin,Myoactive & Neuromodulation,No
