Pathway_ID,Pathway_Name,Gene_Count
map01100,Metabolic pathways,1166
ko01100,Metabolic pathways,1166
map01110,Biosynthesis of secondary metabolites,410
ko01110,Biosynthesis of secondary metabolites,410
ko01130,Pathway (ko01130),276
map01130,Pathway (map01130),276
map01120,Pathway (map01120),239
ko01120,Pathway (ko01120),239
ko05200,Pathway (ko05200),232
map05200,Pathway (map05200),232
map00230,Purine metabolism,230
ko00230,Purine metabolism,230
ko04024,Pathway (ko04024),215
map04024,Pathway (map04024),215
ko04080,Pathway (ko04080),197
map04080,Pathway (map04080),197
ko05016,Pathway (ko05016),195
map05016,Pathway (map05016),195
ko04141,Protein processing in endoplasmic reticulum,189
map04141,Protein processing in endoplasmic reticulum,189
ko04714,Pathway (ko04714),185
map04714,Pathway (map04714),185
ko04142,Lysosome,181
map04142,Lysosome,181
map04921,Pathway (map04921),154
ko04921,Pathway (ko04921),154
ko04910,Insulin signaling pathway,152
map04910,Insulin signaling pathway,152
ko01200,Pathway (ko01200),148
map01200,Pathway (map01200),148
ko04022,Pathway (ko04022),145
map04022,Pathway (map04022),145
map05169,Pathway (map05169),139
ko05169,Pathway (ko05169),139
map04010,MAPK signaling pathway,137
ko04010,MAPK signaling pathway,137
map00280,Pathway (map00280),137
ko00280,Pathway (ko00280),137
map05165,Pathway (map05165),135
ko05165,Pathway (ko05165),135
map05205,Pathway (map05205),134
ko05205,Pathway (ko05205),134
map04270,Pathway (map04270),131
ko04270,Pathway (ko04270),131
map05231,Pathway (map05231),130
map04014,Pathway (map04014),130
ko05231,Pathway (ko05231),130
ko04014,Pathway (ko04014),130
map03010,Ribosome,130
ko03010,Ribosome,130
map00240,Pyrimidine metabolism,129
ko00240,Pyrimidine metabolism,129
ko04020,Calcium signaling pathway,129
map04020,Calcium signaling pathway,129
map04015,Pathway (map04015),128
ko04015,Pathway (ko04015),128
ko04144,Endocytosis,125
map04144,Endocytosis,125
ko05010,Pathway (ko05010),123
map05010,Pathway (map05010),123
map04261,Pathway (map04261),123
ko04261,Pathway (ko04261),123
map05166,Pathway (map05166),122
ko05166,Pathway (ko05166),122
ko04151,PI3K-Akt signaling pathway,121
map04151,PI3K-Akt signaling pathway,121
ko04972,Pathway (ko04972),120
map04972,Pathway (map04972),120
map04120,Ubiquitin mediated proteolysis,119
ko04120,Ubiquitin mediated proteolysis,119
ko04152,Pathway (ko04152),117
map04152,Pathway (map04152),117
ko04140,Autophagy - animal,116
map04140,Autophagy - animal,116
ko04212,Pathway (ko04212),115
map04212,Pathway (map04212),115
ko00650,Pathway (ko00650),112
map00650,Pathway (map00650),112
ko04146,Pathway (ko04146),112
map04146,Pathway (map04146),112
ko03013,Pathway (ko03013),112
map03013,Pathway (map03013),112
map05206,Pathway (map05206),111
ko05206,Pathway (ko05206),111
map04530,Pathway (map04530),110
ko04530,Pathway (ko04530),110
ko04510,Focal adhesion,107
ko04750,Pathway (ko04750),107
map04510,Focal adhesion,107
map04750,Pathway (map04750),107
map04911,Pathway (map04911),107
ko04911,Pathway (ko04911),107
map04925,Pathway (map04925),107
ko04925,Pathway (ko04925),107
ko05034,Pathway (ko05034),105
map05034,Pathway (map05034),105
ko04713,Pathway (ko04713),105
map04713,Pathway (map04713),105
ko04360,Pathway (ko04360),102
map04360,Pathway (map04360),102
ko04072,Pathway (ko04072),101
map04072,Pathway (map04072),101
map04724,Pathway (map04724),100
ko04724,Pathway (ko04724),100
map04810,Regulation of actin cytoskeleton,99
ko04810,Regulation of actin cytoskeleton,99
map04110,Pathway (map04110),99
ko04110,Pathway (ko04110),99
map04371,Pathway (map04371),98
ko04371,Pathway (ko04371),98
ko03040,Spliceosome,97
map03040,Spliceosome,97
ko01212,Pathway (ko01212),96
map01212,Pathway (map01212),96
ko04934,Pathway (ko04934),96
map04934,Pathway (map04934),96
ko04071,Sphingolipid signaling pathway,95
map04728,Pathway (map04728),95
map04071,Sphingolipid signaling pathway,95
ko04728,Pathway (ko04728),95
map04213,Pathway (map04213),94
ko04213,Pathway (ko04213),94
map04150,mTOR signaling pathway,94
ko04150,mTOR signaling pathway,94
map05012,Pathway (map05012),94
ko05012,Pathway (ko05012),94
ko05418,Pathway (ko05418),93
map05418,Pathway (map05418),93
map04013,Pathway (map04013),91
ko04013,Pathway (ko04013),91
map05203,Pathway (map05203),91
ko05203,Pathway (ko05203),91
ko04145,Phagosome,90
map04145,Phagosome,90
map04723,Pathway (map04723),90
ko04723,Pathway (ko04723),90
ko04068,FoxO signaling pathway,89
map04068,FoxO signaling pathway,89
map05168,Pathway (map05168),88
ko05168,Pathway (ko05168),88
ko00310,Pathway (ko00310),88
map00310,Pathway (map00310),88
map04726,Pathway (map04726),87
ko04726,Pathway (ko04726),87
ko04922,Pathway (ko04922),86
map04922,Pathway (map04922),86
map05152,Pathway (map05152),85
ko05152,Pathway (ko05152),85
ko00564,Pathway (ko00564),85
map00564,Pathway (map00564),85
map04114,Pathway (map04114),85
ko04114,Pathway (ko04114),85
ko04217,Pathway (ko04217),84
map04217,Pathway (map04217),84
ko04919,Pathway (ko04919),83
map04919,Pathway (map04919),83
map00330,Pathway (map00330),82
ko00330,Pathway (ko00330),82
map00190,Oxidative phosphorylation,82
ko00190,Oxidative phosphorylation,82
ko04932,Pathway (ko04932),81
map04932,Pathway (map04932),81
ko04970,Pathway (ko04970),81
map04970,Pathway (map04970),81
map04340,Pathway (map04340),81
ko04340,Pathway (ko04340),81
ko04976,Pathway (ko04976),81
map04976,Pathway (map04976),81
map04977,Pathway (map04977),80
ko04977,Pathway (ko04977),80
ko04931,Pathway (ko04931),80
map04931,Pathway (map04931),80
map04341,Pathway (map04341),80
ko04341,Pathway (ko04341),80
ko05031,Pathway (ko05031),80
map05031,Pathway (map05031),80
map01522,Pathway (map01522),79
ko01522,Pathway (ko01522),79
ko04218,Pathway (ko04218),79
map04218,Pathway (map04218),79
map04211,Pathway (map04211),79
ko04211,Pathway (ko04211),79
map04310,Wnt signaling pathway,78
ko04912,Pathway (ko04912),78
map04912,Pathway (map04912),78
ko04310,Wnt signaling pathway,78
ko01230,Pathway (ko01230),78
map01230,Pathway (map01230),78
ko04611,Pathway (ko04611),78
map04611,Pathway (map04611),78
map04725,Pathway (map04725),78
ko04725,Pathway (ko04725),78
map04926,Pathway (map04926),77
ko04926,Pathway (ko04926),77
ko04915,Pathway (ko04915),77
map04915,Pathway (map04915),77
ko04062,Pathway (ko04062),76
map04062,Pathway (map04062),76
map05202,Pathway (map05202),76
ko05202,Pathway (ko05202),76
map04621,Pathway (map04621),75
map04722,Pathway (map04722),75
ko04621,Pathway (ko04621),75
ko04722,Pathway (ko04722),75
map05014,Pathway (map05014),75
ko05014,Pathway (ko05014),75
ko04913,Pathway (ko04913),75
map04913,Pathway (map04913),75
map04111,Pathway (map04111),75
ko04111,Pathway (ko04111),75
ko03008,Pathway (ko03008),74
map03008,Pathway (map03008),74
ko04924,Pathway (ko04924),74
map04924,Pathway (map04924),74
ko04210,Apoptosis,73
map04210,Apoptosis,73
ko04923,Pathway (ko04923),72
map04923,Pathway (map04923),72
ko05414,Pathway (ko05414),72
map05414,Pathway (map05414),72
map05164,Pathway (map05164),71
ko05164,Pathway (ko05164),71
map00010,Glycolysis / Gluconeogenesis,70
ko00010,Glycolysis / Gluconeogenesis,70
ko04721,Pathway (ko04721),70
map04721,Pathway (map04721),70
ko04066,Pathway (ko04066),70
map04066,Pathway (map04066),70
map00590,Pathway (map00590),70
ko00590,Pathway (ko00590),70
map05120,Pathway (map05120),69
ko05120,Pathway (ko05120),69
ko04914,Pathway (ko04914),69
map04914,Pathway (map04914),69
map04540,Pathway (map04540),69
ko04540,Pathway (ko04540),69
ko00970,Pathway (ko00970),68
map00970,Pathway (map00970),68
map04113,Pathway (map04113),68
ko04113,Pathway (ko04113),68
ko00480,Pathway (ko00480),67
map00480,Pathway (map00480),67
map05167,Pathway (map05167),67
ko05167,Pathway (ko05167),67
map03018,Pathway (map03018),67
ko03018,Pathway (ko03018),67
ko04260,Pathway (ko04260),67
map04260,Pathway (map04260),67
ko04520,Pathway (ko04520),66
map04520,Pathway (map04520),66
map05225,Pathway (map05225),66
ko05225,Pathway (ko05225),66
map04720,Pathway (map04720),66
ko04720,Pathway (ko04720),66
map04138,Pathway (map04138),66
ko04138,Pathway (ko04138),66
ko05410,Pathway (ko05410),64
map05410,Pathway (map05410),64
ko04974,Pathway (ko04974),64
map04974,Pathway (map04974),64
ko04971,Pathway (ko04971),64
map04971,Pathway (map04971),64
ko05322,Pathway (ko05322),63
map05322,Pathway (map05322),63
ko04916,Pathway (ko04916),63
map04916,Pathway (map04916),63
ko05146,Pathway (ko05146),62
map05146,Pathway (map05146),62
map00982,Pathway (map00982),62
ko00982,Pathway (ko00982),62
map04390,Hippo signaling pathway,61
ko04390,Hippo signaling pathway,61
ko00061,Pathway (ko00061),61
map00061,Pathway (map00061),61
map00520,Pathway (map00520),60
ko00520,Pathway (ko00520),60
map00620,Pathway (map00620),60
ko00620,Pathway (ko00620),60
ko05030,Pathway (ko05030),60
map05030,Pathway (map05030),60
map04727,Pathway (map04727),59
ko04727,Pathway (ko04727),59
map04391,Pathway (map04391),58
ko04391,Pathway (ko04391),58
map04918,Pathway (map04918),58
ko04918,Pathway (ko04918),58
map05224,Pathway (map05224),58
ko05224,Pathway (ko05224),58
map05145,Pathway (map05145),57
ko05145,Pathway (ko05145),57
ko05032,Pathway (ko05032),56
map05032,Pathway (map05032),56
map00591,Pathway (map00591),55
ko00591,Pathway (ko00591),55
ko04070,Phosphatidylinositol signaling system,54
map04070,Phosphatidylinositol signaling system,54
map00630,Pathway (map00630),54
ko00630,Pathway (ko00630),54
map05226,Pathway (map05226),54
ko05226,Pathway (ko05226),54
ko04350,TGF-beta signaling pathway,53
map04350,TGF-beta signaling pathway,53
map05132,Pathway (map05132),52
ko05210,Pathway (ko05210),52
ko05132,Pathway (ko05132),52
map05210,Pathway (map05210),52
ko04670,Pathway (ko04670),52
map04670,Pathway (map04670),52
ko03020,Pathway (ko03020),51
map03020,Pathway (map03020),51
ko04933,Pathway (ko04933),50
map04933,Pathway (map04933),50
map04012,Pathway (map04012),49
map05161,Pathway (map05161),49
ko04012,Pathway (ko04012),49
ko05161,Pathway (ko05161),49
map04979,Pathway (map04979),49
ko04979,Pathway (ko04979),49
ko00500,Pathway (ko00500),49
map00500,Pathway (map00500),49
map05100,Pathway (map05100),49
ko05100,Pathway (ko05100),49
ko00981,Pathway (ko00981),49
map00981,Pathway (map00981),49
map04137,Pathway (map04137),47
ko04214,Pathway (ko04214),47
map05160,Pathway (map05160),47
ko04137,Pathway (ko04137),47
map04214,Pathway (map04214),47
ko05160,Pathway (ko05160),47
map04512,Pathway (map04512),47
ko04512,Pathway (ko04512),47
ko05110,Pathway (ko05110),47
map05110,Pathway (map05110),47
map03420,Pathway (map03420),47
ko03420,Pathway (ko03420),47
map04961,Pathway (map04961),47
ko04961,Pathway (ko04961),47
ko03440,Pathway (ko03440),46
map03440,Pathway (map03440),46
map04666,Pathway (map04666),46
ko04666,Pathway (ko04666),46
ko00040,Pathway (ko00040),46
map00040,Pathway (map00040),46
ko04927,Pathway (ko04927),46
map04927,Pathway (map04927),46
map00983,Pathway (map00983),45
ko00983,Pathway (ko00983),45
map00561,Pathway (map00561),45
ko00561,Pathway (ko00561),45
ko00562,Pathway (ko00562),44
map00562,Pathway (map00562),44
map05142,Pathway (map05142),44
ko05142,Pathway (ko05142),44
map03410,Pathway (map03410),44
ko03410,Pathway (ko03410),44
ko04660,Pathway (ko04660),44
map04660,Pathway (map04660),44
ko05412,Pathway (ko05412),44
map05412,Pathway (map05412),44
ko00790,Pathway (ko00790),44
map00790,Pathway (map00790),44
ko03030,Pathway (ko03030),44
map03030,Pathway (map03030),44
ko02010,Pathway (ko02010),44
map02010,Pathway (map02010),44
map00270,Pathway (map00270),44
ko00270,Pathway (ko00270),44
map04920,Pathway (map04920),43
ko04668,Pathway (ko04668),43
map04668,Pathway (map04668),43
ko04920,Pathway (ko04920),43
ko05215,Pathway (ko05215),43
map01521,Pathway (map01521),43
map05215,Pathway (map05215),43
ko01521,Pathway (ko01521),43
ko00071,Pathway (ko00071),43
map00071,Pathway (map00071),43
ko05222,Pathway (ko05222),42
map05222,Pathway (map05222),42
map04550,Pathway (map04550),42
ko04550,Pathway (ko04550),42
ko00980,Pathway (ko00980),42
map00980,Pathway (map00980),42
ko01524,Pathway (ko01524),42
map01524,Pathway (map01524),42
map05211,Pathway (map05211),41
ko05211,Pathway (ko05211),41
ko00680,Pathway (ko00680),41
map00680,Pathway (map00680),41
ko04380,Pathway (ko04380),40
map04620,Pathway (map04620),40
map05131,Pathway (map05131),40
ko05131,Pathway (ko05131),40
map04380,Pathway (map04380),40
ko04620,Pathway (ko04620),40
map00260,Pathway (map00260),40
ko00260,Pathway (ko00260),40
ko04973,Pathway (ko04973),40
map04973,Pathway (map04973),40
map04730,Pathway (map04730),40
ko04730,Pathway (ko04730),40
ko05323,Pathway (ko05323),39
map05323,Pathway (map05323),39
map04612,Pathway (map04612),39
ko04612,Pathway (ko04612),39
map04624,Pathway (map04624),39
map05133,Pathway (map05133),39
ko05133,Pathway (ko05133),39
ko04624,Pathway (ko04624),39
map03015,Pathway (map03015),39
ko03015,Pathway (ko03015),39
map05204,Pathway (map05204),39
ko05204,Pathway (ko05204),39
ko05230,Pathway (ko05230),38
map05230,Pathway (map05230),38
ko04975,Pathway (ko04975),38
map04975,Pathway (map04975),38
ko04370,Pathway (ko04370),38
map04370,Pathway (map04370),38
map00720,Pathway (map00720),38
ko00720,Pathway (ko00720),38
ko05020,Pathway (ko05020),37
map05020,Pathway (map05020),37
ko04740,Pathway (ko04740),37
map04740,Pathway (map04740),37
ko04917,Pathway (ko04917),36
map04917,Pathway (map04917),36
map04745,Pathway (map04745),36
ko04745,Pathway (ko04745),36
ko00760,Pathway (ko00760),35
map00760,Pathway (map00760),35
map04011,Pathway (map04011),35
ko04011,Pathway (ko04011),35
map00052,Pathway (map00052),35
ko00052,Pathway (ko00052),35
ko00020,Citrate cycle (TCA cycle),35
map00020,Citrate cycle (TCA cycle),35
ko04962,Pathway (ko04962),35
map04962,Pathway (map04962),35
map03460,Pathway (map03460),35
ko03460,Pathway (ko03460),35
map00350,Pathway (map00350),35
ko00350,Pathway (ko00350),35
map05130,Pathway (map05130),35
ko05130,Pathway (ko05130),35
ko05212,Pathway (ko05212),34
map05212,Pathway (map05212),34
map03430,Pathway (map03430),34
ko03430,Pathway (ko03430),34
ko05416,Pathway (ko05416),34
map05416,Pathway (map05416),34
ko04658,Pathway (ko04658),33
map04658,Pathway (map04658),33
ko00250,Pathway (ko00250),33
map00250,Pathway (map00250),33
ko03022,Pathway (ko03022),33
map03022,Pathway (map03022),33
map02020,Pathway (map02020),33
ko02020,Pathway (ko02020),33
map00380,Pathway (map00380),33
ko00380,Pathway (ko00380),33
ko00513,Pathway (ko00513),33
map00513,Pathway (map00513),33
ko05033,Pathway (ko05033),33
map05033,Pathway (map05033),33
ko04930,Pathway (ko04930),32
map04930,Pathway (map04930),32
map04978,Pathway (map04978),32
ko04978,Pathway (ko04978),32
map04514,Pathway (map04514),32
ko04514,Pathway (ko04514),32
ko04664,Pathway (ko04664),31
map04664,Pathway (map04664),31
map05162,Pathway (map05162),31
ko05162,Pathway (ko05162),31
map04136,Pathway (map04136),31
ko04136,Pathway (ko04136),31
map04960,Pathway (map04960),31
ko04960,Pathway (ko04960),31
ko03320,Pathway (ko03320),31
map03320,Pathway (map03320),31
map00640,Pathway (map00640),30
ko00640,Pathway (ko00640),30
ko05214,Pathway (ko05214),30
map05214,Pathway (map05214),30
map04742,Pathway (map04742),30
ko04742,Pathway (ko04742),30
ko04659,Pathway (ko04659),29
map04659,Pathway (map04659),29
ko00062,Pathway (ko00062),29
map00062,Pathway (map00062),29
map03050,Pathway (map03050),29
ko03050,Pathway (ko03050),29
ko04964,Pathway (ko04964),29
map04964,Pathway (map04964),29
map05134,Pathway (map05134),29
ko05134,Pathway (ko05134),29
ko00051,Pathway (ko00051),28
map00051,Pathway (map00051),28
map00510,Pathway (map00510),28
ko00510,Pathway (ko00510),28
map04320,Pathway (map04320),28
ko04320,Pathway (ko04320),28
ko04657,Pathway (ko04657),27
map04657,Pathway (map04657),27
map00600,Pathway (map00600),27
ko00600,Pathway (ko00600),27
map04392,Pathway (map04392),27
ko04392,Pathway (ko04392),27
ko00030,Pathway (ko00030),27
map00030,Pathway (map00030),27
ko00830,Pathway (ko00830),27
map00830,Pathway (map00830),27
map05223,Pathway (map05223),26
ko05223,Pathway (ko05223),26
ko00900,Pathway (ko00900),26
map00900,Pathway (map00900),26
map04216,Pathway (map04216),26
ko04216,Pathway (ko04216),26
map04622,Pathway (map04622),25
ko04622,Pathway (ko04622),25
ko04064,NF-kappa B signaling pathway,25
map04064,NF-kappa B signaling pathway,25
map00770,Pathway (map00770),25
ko00770,Pathway (ko00770),25
map04139,Pathway (map04139),24
ko04139,Pathway (ko04139),24
map04630,Pathway (map04630),24
ko04630,Pathway (ko04630),24
map01523,Pathway (map01523),24
ko01523,Pathway (ko01523),24
map04115,Pathway (map04115),24
ko04115,Pathway (ko04115),24
map05217,Pathway (map05217),23
ko05217,Pathway (ko05217),23
ko00565,Pathway (ko00565),23
map00565,Pathway (map00565),23
map00730,Pathway (map00730),23
ko00730,Pathway (ko00730),23
ko05218,Pathway (ko05218),23
map05218,Pathway (map05218),23
ko04650,Pathway (ko04650),23
map04650,Pathway (map04650),23
ko00410,Pathway (ko00410),23
map00410,Pathway (map00410),23
ko04610,Pathway (ko04610),23
map04610,Pathway (map04610),23
ko04130,Pathway (ko04130),23
map04130,Pathway (map04130),23
ko01040,Pathway (ko01040),22
map01040,Pathway (map01040),22
map04710,Circadian rhythm,22
ko04710,Circadian rhythm,22
map05221,Pathway (map05221),22
ko05221,Pathway (ko05221),22
map04330,Pathway (map04330),22
ko04330,Pathway (ko04330),22
map04623,Pathway (map04623),21
ko04623,Pathway (ko04623),21
map05140,Pathway (map05140),21
ko05140,Pathway (ko05140),21
ko04662,Pathway (ko04662),21
map04662,Pathway (map04662),21
ko04614,Pathway (ko04614),21
map04614,Pathway (map04614),21
map00521,Pathway (map00521),20
ko00521,Pathway (ko00521),20
map01210,Pathway (map01210),20
ko01210,Pathway (ko01210),20
map05220,Pathway (map05220),20
ko05220,Pathway (ko05220),20
map00710,Pathway (map00710),20
ko00710,Pathway (ko00710),20
ko00140,Pathway (ko00140),20
map00140,Pathway (map00140),20
ko00950,Pathway (ko00950),20
map00950,Pathway (map00950),20
ko04215,Pathway (ko04215),19
map04215,Pathway (map04215),19
map03060,Pathway (map03060),19
ko03060,Pathway (ko03060),19
map00910,Pathway (map00910),19
ko00910,Pathway (ko00910),19
map00220,Pathway (map00220),19
ko00220,Pathway (ko00220),19
map00670,Pathway (map00670),19
ko00670,Pathway (ko00670),19
ko05213,Pathway (ko05213),19
map05213,Pathway (map05213),19
ko02024,Pathway (ko02024),19
map02024,Pathway (map02024),19
ko00860,Pathway (ko00860),18
map00860,Pathway (map00860),18
ko05219,Pathway (ko05219),18
map05219,Pathway (map05219),18
ko04060,Pathway (ko04060),17
map04060,Pathway (map04060),17
ko00360,Pathway (ko00360),17
map00360,Pathway (map00360),17
map04966,Pathway (map04966),17
ko04966,Pathway (ko04966),17
map00592,Pathway (map00592),16
ko00592,Pathway (ko00592),16
map04016,Pathway (map04016),16
ko04016,Pathway (ko04016),16
map00340,Pathway (map00340),16
ko00340,Pathway (ko00340),16
ko00563,Pathway (ko00563),15
map00563,Pathway (map00563),15
ko00740,Pathway (ko00740),14
map00740,Pathway (map00740),14
map00515,Pathway (map00515),13
ko00515,Pathway (ko00515),13
map04950,Pathway (map04950),12
ko04950,Pathway (ko04950),12
ko00073,Pathway (ko00073),12
map00073,Pathway (map00073),12
map04626,Pathway (map04626),11
ko04626,Pathway (ko04626),11
ko00130,Pathway (ko00130),11
map00130,Pathway (map00130),11
map01220,Pathway (map01220),11
ko01220,Pathway (ko01220),11
ko03070,Pathway (ko03070),11
map03070,Pathway (map03070),11
ko00534,Pathway (ko00534),10
map00534,Pathway (map00534),10
map00450,Pathway (map00450),10
ko00450,Pathway (ko00450),10
map05144,Pathway (map05144),9
ko05144,Pathway (ko05144),9
ko04940,Pathway (ko04940),9
map04940,Pathway (map04940),9
ko04744,Pathway (ko04744),9
map04744,Pathway (map04744),9
ko00531,Pathway (ko00531),9
map00531,Pathway (map00531),9
map00930,Pathway (map00930),9
ko00930,Pathway (ko00930),9
ko00460,Pathway (ko00460),9
map00460,Pathway (map00460),9
ko00053,Pathway (ko00053),9
map00053,Pathway (map00053),9
map00514,Pathway (map00514),9
ko00514,Pathway (ko00514),9
map02026,Pathway (map02026),9
ko02026,Pathway (ko02026),9
map00780,Pathway (map00780),9
ko00780,Pathway (ko00780),9
map00430,Pathway (map00430),9
ko00430,Pathway (ko00430),9
map00511,Pathway (map00511),8
ko00511,Pathway (ko00511),8
map04711,Pathway (map04711),8
ko04711,Pathway (ko04711),8
ko05216,Pathway (ko05216),8
map05216,Pathway (map05216),8
ko00625,Pathway (ko00625),8
map00625,Pathway (map00625),8
map04640,Pathway (map04640),8
ko04640,Pathway (ko04640),8
ko00512,Pathway (ko00512),8
map00512,Pathway (map00512),8
map00550,Pathway (map00550),8
ko00550,Pathway (ko00550),8
ko00400,Pathway (ko00400),8
map00400,Pathway (map00400),8
ko04122,Pathway (ko04122),8
map04122,Pathway (map04122),8
map00532,Pathway (map00532),7
ko00532,Pathway (ko00532),7
map00920,Pathway (map00920),7
ko00920,Pathway (ko00920),7
ko00524,Pathway (ko00524),7
map00524,Pathway (map00524),7
ko00072,Pathway (ko00072),7
map00072,Pathway (map00072),7
map00601,Pathway (map00601),7
ko00601,Pathway (ko00601),7
ko00100,Pathway (ko00100),7
map00100,Pathway (map00100),7
map05320,Pathway (map05320),6
ko05320,Pathway (ko05320),6
ko03450,Pathway (ko03450),6
map03450,Pathway (map03450),6
ko05340,Pathway (ko05340),6
map05340,Pathway (map05340),6
map00965,Pathway (map00965),6
ko00965,Pathway (ko00965),6
ko00603,Pathway (ko00603),6
map00603,Pathway (map00603),6
map00960,Pathway (map00960),6
ko00960,Pathway (ko00960),6
map00627,Pathway (map00627),5
ko00627,Pathway (ko00627),5
ko00626,Pathway (ko00626),5
map00626,Pathway (map00626),5
ko04112,Pathway (ko04112),5
map04112,Pathway (map04112),5
ko00471,Pathway (ko00471),5
map00471,Pathway (map00471),5
map00300,Pathway (map00300),4
ko00300,Pathway (ko00300),4
ko00254,Pathway (ko00254),4
map00254,Pathway (map00254),4
map00362,Pathway (map00362),4
ko00362,Pathway (ko00362),4
map00785,Pathway (map00785),4
ko00785,Pathway (ko00785),4
ko00643,Pathway (ko00643),4
map00643,Pathway (map00643),4
map05143,Pathway (map05143),4
ko05143,Pathway (ko05143),4
ko00750,Pathway (ko00750),4
map00750,Pathway (map00750),4
map00281,Pathway (map00281),4
ko00281,Pathway (ko00281),4
ko00440,Pathway (ko00440),3
map00440,Pathway (map00440),3
map00290,Pathway (map00290),3
ko00290,Pathway (ko00290),3
ko05321,Pathway (ko05321),3
map05321,Pathway (map05321),3
ko00401,Pathway (ko00401),3
map00401,Pathway (map00401),3
map00903,Pathway (map00903),3
ko00903,Pathway (ko00903),3
map00195,Pathway (map00195),3
ko00195,Pathway (ko00195),3
map00604,Pathway (map00604),3
ko00604,Pathway (ko00604),3
map00120,Pathway (map00120),2
ko00120,Pathway (ko00120),2
ko00333,Pathway (ko00333),2
map00333,Pathway (map00333),2
ko01503,Pathway (ko01503),2
map01503,Pathway (map01503),2
ko01051,Pathway (ko01051),2
map01051,Pathway (map01051),2
map00261,Pathway (map00261),2
ko00261,Pathway (ko00261),2
map01502,Pathway (map01502),2
ko01502,Pathway (ko01502),2
map05150,Pathway (map05150),2
ko05150,Pathway (ko05150),2
ko00660,Pathway (ko00660),2
map00660,Pathway (map00660),2
map00232,Pathway (map00232),1
ko00232,Pathway (ko00232),1
ko00944,Pathway (ko00944),1
map00944,Pathway (map00944),1
ko00791,Pathway (ko00791),1
map00791,Pathway (map00791),1
ko05111,Pathway (ko05111),1
ko02025,Pathway (ko02025),1
map02025,Pathway (map02025),1
map05111,Pathway (map05111),1
ko00473,Pathway (ko00473),1
map00473,Pathway (map00473),1
map00908,Pathway (map00908),1
ko00908,Pathway (ko00908),1
ko00940,Pathway (ko00940),1
map00940,Pathway (map00940),1
map00901,Pathway (map00901),1
ko00901,Pathway (ko00901),1
ko00533,Pathway (ko00533),1
map00533,Pathway (map00533),1
map01501,Pathway (map01501),1
ko01501,Pathway (ko01501),1
