Gene ID,Chr,Gene Name,Description,NPFM1,NPFM2,NPFM3,NPFM4,Avg Expression,Standard Deviation,Z-score_NPFM1,Z-score_NPFM2,Z-score_NPFM3,Z-score_NPFM4,Variance_rlog
NPIL_800071,BMAW01132850.1,MaSp2A3,major ampullate spidroin 2A variant 3,80,3,3,581840,145481.5,290905.6689312419,-0.4999043805709492,-0.5000470821549938,-0.5000485338452223,1.4999999965711652,51.71165094344426
NPIL_170021,BMAW01001106.1,Unknown,flagelliform spidroin-like protein,0,0,1,7906,1976.75,3952.833361442566,-0.500038483435737,-0.500038483435737,-0.4999230309069782,1.4999999977784522,45.85957986993443
NPIL_651241,BMAW01088747.1,Unknown,hypothetical protein,4,0,1,80402,20101.75,40200.16670259797,-0.499967876494004,-0.5000217377787358,-0.5000103853241837,1.4999999995969238,35.70562862321664
NPIL_800261,BMAW01132857.1,MaSp2A2,major ampullate spidroin 2A variant 2,17,0,4,239703,59931.0,119848.00021972276,-0.4999538887378728,-0.5000306710101697,-0.5000154394256238,1.499999999173666,21.564381233601168
NPIL_800181,BMAW01132833.1,Spidroin1A1,spidroin 1A variant 1,43,48,32,458217,114585.0,229088.000097488,-0.499995218870205,-0.4999717067990625,-0.5000330738514214,1.499999999520689,18.784739738992574
NPIL_800251,BMAW01132856.1,Flag1A1,flagelliform spidroin 1A variant 1,5,25,119,345595,86436.0,172772.67381543104,-0.5001231238609039,-0.5000523882046386,-0.499824475756265,1.4999999878218075,17.071254569948227
NPIL_211411,BMAW01071892.1,Unknown,hypothetical protein,0,0,0,4837,1209.25,2418.5,-0.5,-0.5,-0.5,1.5,16.82766474856464
NPIL_327901,BMAW01132841.1,Unknown,hypothetical protein,24,18,44,178990,44769.0,89480.6673570703,-0.5000180507520094,-0.5000431143738712,-0.4999388333926112,1.4999999985184918,16.72868068422402
NPIL_800061,BMAW01132849.1,MaSp2A1,major ampullate spidroin 2A variant 1,151,15,55,2426658,606719.75,1213292.1680088367,-0.499964444513493,-0.5000244301371789,-0.5000111248531313,1.4999999995038034,16.25152658418855
NPIL_467421,BMAW01053122.1,Unknown,hypothetical protein,0,0,3,11509,2878.0,5754.000173792142,-0.5000793075091948,-0.5000793075091948,-0.4998413755463406,1.49999999056473,14.813790820762206
NPIL_171371,BMAW01129007.1,Unknown,hypothetical protein,0,0,2,10880,2720.5,5439.666748371019,-0.5000559283166012,-0.5000559283166012,-0.4998881386745704,1.4999999953077727,14.802806324752174
NPIL_800051,BMAW01132850.1,MaSp2B1,major ampullate spidroin 2B variant 1,72,0,5,115689,28941.5,57831.67598297667,-0.4995638859565322,-0.5002377478310226,-0.500198294702374,1.499999928489929,14.79769292884526
NPIL_458401,BMAW01031614.1,Unknown,hypothetical protein,0,0,3,7354,1839.25,3676.500271997814,-0.5001241161426329,-0.5001241161426329,-0.4997517446046405,1.4999999768899062,14.391245199826663
NPIL_630111,BMAW01066587.1,Unknown,hypothetical protein,0,0,3,5542,1386.25,2770.500360945654,-0.5001646968783015,-0.5001646968783015,-0.4996705655491012,1.4999999593057043,14.127025822382848
NPIL_72651,BMAW01094784.1,Unknown,hypothetical protein,4,6,66,70871,17736.75,35422.84501443478,-0.5002763196985235,-0.5002363071550309,-0.4994872743761399,1.4999999012296945,13.650730740185265
NPIL_132491,BMAW01067684.1,Unknown,hypothetical protein,0,0,4,5850,1463.5,2924.333941259103,-0.5002080342065216,-0.5002080342065216,-0.4995838666561004,1.4999999350691435,13.234202654937938
NPIL_800161,BMAW01132841.1,SpiCE-NMa2A4,spider silk-constituting element SpiCE-NMa2A4,16,12,49,79592,19917.25,39783.17012150573,-0.5001022479294124,-0.5001398269915456,-0.4997579029247367,1.4999999778456947,13.191818568151731
NPIL_232741,BMAW01081583.1,PNLIPRP3_1,pancreatic lipase-related protein 3,0,0,0,1536,384.0,768.0,-0.5000000000000001,-0.5000000000000001,-0.5000000000000001,1.5000000000000002,12.739225609426645
NPIL_621091,BMAW01131417.1,Unknown,hypothetical protein,0,6960,5,0,1741.25,3479.1674650697687,-0.5003660247116867,1.499999798965262,-0.4992677495418884,-0.5003660247116867,12.223733037402857
NPIL_275741,BMAW01117701.1,NCL1_22245,uncharacterized protein,0,2,1,3379,845.5,1689.0001973554256,-0.500325703743697,-0.4996186971902769,-0.5000555354262887,1.4999999363602623,12.166309841852877
NPIL_564701,BMAW01096190.1,Unknown,hypothetical protein,0,0,0,1045,261.25,522.5,-0.5,-0.5,-0.5,1.5,11.764261269896645
NPIL_225001,BMAW01109472.1,Unknown,hypothetical protein,147,18,42,79914,20030.25,39922.53930112663,-0.4989212867432044,-0.5006445360236046,-0.5004337354392903,1.4999995582060992,11.637182631038002
NPIL_285421,BMAW01128148.1,Unknown,hypothetical protein,0,2,11,4864,1219.25,2429.8380432997315,-0.5008519255721225,-0.500360642063042,-0.4987868504718369,1.499999418107001,11.570057657729679
NPIL_188801,BMAW01126765.1,Unknown,acetylcholinesterase-1,206,752,36,450447,112860.25,225058.0406063808,-0.5003588305135207,-0.4988594856263181,-0.5007811739188298,1.4999994900586686,11.482568070218838
NPIL_800121,BMAW01132838.1,SpiCE-NMa1,spider silk-constituting element SpiCE-NMa1,3,72,115,64703,16223.25,32319.86625771627,-0.5009506476034153,-0.4996712229154416,-0.4993777797352889,1.4999996502541455,11.295925018276087
NPIL_72661,BMAW01094784.1,Unknown,hypothetical protein,10,4,54,25705,6443.25,12841.186014149938,-0.5004203517681135,-0.500655778410286,-0.4989234283847081,1.4999995585631074,11.28943819366682
NPIL_139141,BMAW01109948.1,Unknown,hypothetical protein,0,4330,1,2,1083.25,2164.5001540001485,-0.5006334274793129,1.4999996711702883,-0.5002803089333877,-0.4990859347575879,11.123804366198065
NPIL_257271,BMAW01052251.1,AVEN_10361_1,uncharacterized protein,0,0,26,4222,1062.0,2106.7023203734,-0.5018736301199949,-0.5018736301199949,-0.496247464126769,1.4999947243667586,10.910858080656837
NPIL_225011,BMAW01109472.1,Unknown,hypothetical protein,4,5,4,5349,1340.5,2672.333374911646,-0.500059932400061,-0.499753020578693,-0.5001870221292452,1.499999975107999,10.691587937747656
NPIL_84021,BMAW01114645.1,Unknown,hypothetical protein,6,25,101,32607,8184.75,16281.55173552775,-0.501115252016089,-0.5003983228067069,-0.4984855011382609,1.4999990759610564,10.567582239886342
NPIL_577611,BMAW01054755.1,Unknown,hypothetical protein,0,0,2,993,248.75,496.1675624222124,-0.500612789326522,-0.500612789326522,-0.4987738577352839,1.499999436388328,10.510676414785758
NPIL_160201,BMAW01061937.1,Unknown,hypothetical protein,0,2734,1,2,684.25,1366.5002439321652,-0.5010032809443062,1.499999174893061,-0.5004439226455939,-0.4985519713031608,10.345253469484067
NPIL_301121,BMAW01062181.1,AVEN_6106_1,uncharacterized protein,8,10869,9,2,2722.0,5431.33421300267,-0.4997375333381909,1.4999999214029125,-0.4998063280229753,-0.5004560600417461,10.239974095551908
NPIL_634181,BMAW01011939.1,Unknown,hypothetical protein,0,0,0,483,120.75,241.5,-0.5,-0.5,-0.5,1.5,10.200469023201586
NPIL_327751,BMAW01132841.1,Unknown,hypothetical protein,0,10,12,5079,1275.25,2535.838766562259,-0.50150349831141,-0.4991502980421612,-0.499345350879732,1.4999991472333032,10.069485641527201
NPIL_72681,BMAW01094784.1,Unknown,hypothetical protein,10,98,138,54756,13750.5,27337.052285618996,-0.5013482919713181,-0.4994070155512571,-0.4992440072155856,1.499999314738161,10.04998112119542
NPIL_674321,BMAW01014807.1,Unknown,hypothetical protein,0,1,2,1107,277.5,553.0006027724262,-0.5009095988160434,-0.4998302527714838,-0.4992597973914346,1.499999648978962,9.97535909043684
NPIL_282441,BMAW01052851.1,Unknown,hypothetical protein,0,55,64,21930,5512.25,10945.20322256893,-0.5018876661848227,-0.498889578003397,-0.4992214051786914,1.499998649366911,9.879553250439033
NPIL_581281,BMAW01099930.1,NCL1_37627,uncharacterized protein,4884,2,3,34534,9855.75,16612.31864962464,-0.3942219532516967,-0.5508472559616899,-0.5508368936949464,1.495906102908333,9.833525485991169
NPIL_275751,BMAW01117701.1,Unknown,hypothetical protein,0,8,41,7233,1820.5,3608.3769666337994,-0.5021660768633137,-0.5008437105752942,-0.4969865914662377,1.4999963789048458,9.831548095865125
NPIL_701421,BMAW01061696.1,Unknown,hypothetical protein,0,0,0,375,93.75,187.5,-0.5,-0.5,-0.5,1.5,9.695074998470945
NPIL_609571,BMAW01018728.1,NCL1_28494,uncharacterized protein,5626,6,3,30105,8935.0,14359.968036176126,-0.3587775341642531,-0.5669140554839237,-0.5670655302668401,1.492757119915017,9.684314966518436
NPIL_615891,BMAW01129878.1,PNLIPRP3_1,pancreatic lipase-related protein 3,2,0,0,640,160.5,319.66805700079993,-0.49774262086545,-0.5011277346503891,-0.5011277346503891,1.4999980901662282,9.487756467432396
NPIL_581261,BMAW01099930.1,NCL1_37627,uncharacterized protein,1064,0,1,3310,1093.75,1560.239378001551,-0.2500322728437795,-0.6140142264471307,-0.6137258158068328,1.477772315097743,9.309394542821368
NPIL_351121,BMAW01040623.1,OAT,"ornithine aminotransferase, mitochondrial",48,0,0,2377,606.25,1180.7168373492436,-0.485346036912277,-0.5072868638138132,-0.5072868638138132,1.4999197645399032,9.283663252372465
NPIL_800231,BMAW01132854.1,MiSp1B2,minor ampullate spidroin 1B variant 2,250,0,43,25769,6515.5,12836.13063452794,-0.4934872019678438,-0.5040113748569556,-0.5024852520737443,1.4999838288985436,9.222022047822236
NPIL_309861,BMAW01080885.1,Unknown,hypothetical protein,0,2129,12,0,535.25,1062.5150587168164,-0.5028717776577475,1.499987593634344,-0.4942440383188492,-0.5028717776577475,9.20480579926627
NPIL_593281,BMAW01117368.1,NCL1_22245,uncharacterized protein,2,16,26,2793,709.25,1389.2015392543542,-0.5046055576477193,-0.4985228624124772,-0.496863271882552,1.4999916919427485,8.829562457562872
NPIL_73961,BMAW01012453.1,NCL1_37627,uncharacterized protein,258,2,0,5918,1544.5,2918.182710752247,-0.4683018900491215,-0.5154587354679618,-0.5158654755351404,1.4996261010522236,8.784493210452302
NPIL_581271,BMAW01099930.1,NCL1_37627,uncharacterized protein,3010,10,18,14192,4307.5,6739.316557831859,-0.3393440948594682,-0.5758230536039807,-0.5754962729748782,1.4906634214383272,8.767693967592294
